,Topic,Words,Frequency,Timestamp,Name
0,-1,"amp, aecom, arup, company, building",1084,2019-12-31 08:19:40.800,-1_amp_aecom_design_building
1,0,"aecom, company, location, aecom location, company aecom",321,2019-12-31 08:19:40.800,0_aecom_engineer_united states_company
2,1,"thanks, sponsors, congratulations, thanks great, amp",231,2019-12-31 08:19:40.800,1_thanks_sponsors_congratulations_amp
3,2,"en la, connect canadians, canada builds, builds canada, built country",35,2019-12-31 08:19:40.800,2_el_una_es_oferta
4,3,"grateful celebrated, foundation best, equality strongl, celebrated foundation, celebrated",43,2019-12-31 08:19:40.800,3_women_womens_women engineering_enginee...
5,4,"acm, aecom acm, stock, acm aecom, aecom announce",54,2019-12-31 08:19:40.800,4_acm_earnings_acm aecom_aecom acm
6,5,"road, followed road, workshop nikhil, having junction, design workshop",57,2019-12-31 08:19:40.800,5_transit_transport_bus_transportation
7,7,"flood, risk management, management schemes, river, frequently flooded",29,2019-12-31 08:19:40.800,7_flood_water webinar_webinar_river
8,8,"carbon, discussing responsibility, responsibility pledge, pledge peers, commitment carbon",12,2019-12-31 08:19:40.800,8_carbon_emissions_net zero_zero carbon
9,9,"jails, billions dollars, new jails, taxpayers, lawsuit",13,2019-12-31 08:19:40.800,9_jails_billions_billions dollars_new ja...
10,11,"inaugural north, east predicting, predicting, growth busy, promoted texas",18,2019-12-31 08:19:40.800,11_infrastructure_economic_impact_social...
11,12,"webinar, wednesdays webinar, miss wednesdays, webinar sign, webinar catch",11,2019-12-31 08:19:40.800,12_webinar_join webinar_upcoming webinar...
12,13,"chantilly va, linguists aecom, aecom chantilly, cleared linguists, linguists",7,2019-12-31 08:19:40.800,13_indonesia_pembangunan_dalam pembangun...
13,15,"housing, discuss housing, disrepair, disrepair topic, housing disrepair",18,2019-12-31 08:19:40.800,15_cities_housing_planning_homes
14,16,"drivers, make tools, tools available, drivers digital, tools",18,2019-12-31 08:19:40.800,16_digital_tools_architects_digitalis le...
15,17,"global village, daily visitors, entertainment destinations, visitors according, named entertainment",5,2019-12-31 08:19:40.800,17_theme index_teaaecom theme_museum_par...
16,20,"mammals amphibians, biologists, team biologists, mammals, biologists water",19,2019-12-31 08:19:40.800,20_habitats_habitats regulations_regulat...
17,21,"merger, firm aecom, wsp aecom, deal wsp, aecom reportedly",94,2019-12-31 08:19:40.800,21_wsp_wsp global_firm aecom_merger
18,22,"expert gu, podcast launches, listen expert, tomorrow caught, caught season",15,2019-12-31 08:19:40.800,22_podcast_listen episode_zoe humphries_...
19,23,"aecom acm, acm, acm given, brokerages aecom, acm price",19,2019-12-31 08:19:40.800,23_aecom acm_price target_acm_acm price
20,24,"tunnel, lands key, rail tunnel, aecom lands, tunnel aecom",13,2019-12-31 08:19:40.800,24_tunnel_tunneling_underground_tunnelli...
21,25,"scrap costly, naturewildlife create, surprising vested, costly naturewildlife, huh scrap",1,2019-12-31 08:19:40.800,25_eis_pebble_clean eis_best business
22,26,"apprenticeship, acoustics, acoustics technician, technician, apprenticeships",12,2019-12-31 08:19:40.800,26_apprenticeship_apprenticeships_appren...
23,28,"aecom sec, filing form, sec filing, acm aecom, def acm",3,2019-12-31 08:19:40.800,28_form_filing form_sec filing_aecom sec
24,29,"execs disaster, obriens execs, lawmakers grill, disaster recovery, lawmakers",1,2019-12-31 08:19:40.800,29_lindsay goldberg_lew obamas_treasury ...
25,30,"hyperloop, hyperloop technology, technology market, opportunities trend, future outlook",6,2019-12-31 08:19:40.800,30_hyperloop_feasibility study_hyperloop...
26,32,"skilled tradespeople, recent graduates, graduates skilled, careers experienced, fulfilling careers",7,2019-12-31 08:19:40.800,32_recent graduates_graduates skilled_sk...
27,33,"bridge, highway, includes stretchs, e65 highway, bridges tunnel",7,2019-12-31 08:19:40.800,33_bridge_howe_gordie howe_international...
28,35,"day landscape, architecture built, landscape architecture, landscape, photos nyc",13,2019-12-31 08:19:40.800,35_building_franklin team_building previ...
29,-1,"aecom, project, amp, design, company",1386,2020-02-02 15:36:00.000,-1_amp_aecom_design_building
30,0,"aecom, engineer, company, company aecom, location",319,2020-02-02 15:36:00.000,0_aecom_engineer_united states_company
31,1,"delighted, awards, sponsors, award, shortlisted",354,2020-02-02 15:36:00.000,1_thanks_sponsors_congratulations_amp
32,2,"nutricin, segunda edicin, la aecom, edicin, metabolismo",63,2020-02-02 15:36:00.000,2_el_una_es_oferta
33,3,"women, womens, gender, international womens, womens day",103,2020-02-02 15:36:00.000,3_women_womens_women engineering_enginee...
34,4,"acm, earnings, aecom acm, acm aecom, financial",93,2020-02-02 15:36:00.000,4_acm_earnings_acm aecom_aecom acm
35,5,"consortium, transportation committee, aecom scag, scag transportation, member consortium",39,2020-02-02 15:36:00.000,5_transit_transport_bus_transportation
36,6,"challenges need, values behaviours, behaviours technology, wicked challenges, behaviours",8,2020-02-02 15:36:00.000,6_covid19_pandemic_coronavirus_facility
37,7,"flood, explaining flood, defences like, adam explaining, flood defences",27,2020-02-02 15:36:00.000,7_flood_water webinar_webinar_river
38,8,"zero says, seize opportunity, leaders sector, pathways reaching, sector seize",17,2020-02-02 15:36:00.000,8_carbon_emissions_net zero_zero carbon
39,9,"36 million, illegal 36, chris phelps, enoughl evidence2019, im whistleblower",15,2020-02-02 15:36:00.000,9_jails_billions_billions dollars_new ja...
40,11,"infrastructure, developing regions, including asia, increasing government, regions including",11,2020-02-02 15:36:00.000,11_infrastructure_economic_impact_social...
41,12,"im ecologist, hi robert, coauthored director, linkedin im, video linkedin",3,2020-02-02 15:36:00.000,12_webinar_join webinar_upcoming webinar...
42,13,"dalam pembangunan, pembangunan, kota baru, konsultan dalam, indonesia menggandeng",57,2020-02-02 15:36:00.000,13_indonesia_pembangunan_dalam pembangun...
43,15,"cities, users cities, cities chicago, city, city sponsored",20,2020-02-02 15:36:00.000,15_cities_housing_planning_homes
44,16,"manufacturing construction, construction, contractors talked, technologies, engineers contractors",32,2020-02-02 15:36:00.000,16_digital_tools_architects_digitalis le...
45,17,"index, index wait, affected rain, looking teaaecom, teaaecom report",2,2020-02-02 15:36:00.000,17_theme index_teaaecom theme_museum_par...
46,18,"calif joint, offices mexico, calif, guys offices, site calif",3,2020-02-02 15:36:00.000,18_dallas_headquarters_relocate_los ange...
47,19,"got married, married medical, schoolthat perfect, medical schoolthat, married",1,2020-02-02 15:36:00.000,19_hospital_nhs_nhs louisa_worst circums...
48,20,"underground mission, amphibians preparation, mission trails, trails regional, new underground",1,2020-02-02 15:36:00.000,20_habitats_habitats regulations_regulat...
49,21,"wsp, wsp global, canadas wsp, rival engineering, talks acquire",40,2020-02-02 15:36:00.000,21_wsp_wsp global_firm aecom_merger
50,22,"podcast, amp kate, kate morris, kate, morris",20,2020-02-02 15:36:00.000,22_podcast_listen episode_zoe humphries_...
51,23,"aecom acm, acm, price target, acm price, acm pt",18,2020-02-02 15:36:00.000,23_aecom acm_price target_acm_acm price
52,24,"tunneling, tunnel, tunneling practice, tunnelling, tunneling pros",6,2020-02-02 15:36:00.000,24_tunnel_tunneling_underground_tunnelli...
53,26,"apprenticeships, apprenticeship, charlotte, experiences apprenticeships, apprenticeships charlotte",27,2020-02-02 15:36:00.000,26_apprenticeship_apprenticeships_appren...
54,28,"securities exchange, sec filing, commissionsubmission number, exchange commissionsubmission, filing securities",6,2020-02-02 15:36:00.000,28_form_filing form_sec filing_aecom sec
55,29,"known management, independent businessread, lindsay goldberg, company known, llc company",1,2020-02-02 15:36:00.000,29_lindsay goldberg_lew obamas_treasury ...
56,30,"hyperloop, headsets, headsets pc, vr headsets, scene modelled",2,2020-02-02 15:36:00.000,30_hyperloop_feasibility study_hyperloop...
57,32,"skilled tradespeople, recent graduates, graduates skilled, careers experienced, fulfilling careers",7,2020-02-02 15:36:00.000,32_recent graduates_graduates skilled_sk...
58,33,"travel bridge, active travel, study explore, explore options, bridge commissioned",7,2020-02-02 15:36:00.000,33_bridge_howe_gordie howe_international...
59,35,"plenty enthusiasm, building winners, towers built, built plans, tower building",2,2020-02-02 15:36:00.000,35_building_franklin team_building previ...
60,-1,"safety, aecom, coronavirus, impact everyones, pandemic impact",1016,2020-03-06 07:12:00.000,-1_amp_aecom_design_building
61,0,"aecom, engineer, company, location, company aecom",218,2020-03-06 07:12:00.000,0_aecom_engineer_united states_company
62,1,"team, spotted leaderboard, names spotted, leaderboard scottish, scottish great",149,2020-03-06 07:12:00.000,1_thanks_sponsors_congratulations_amp
63,2,"empresas, ayto es, resistannos reunimos, este ayto, objetivo este",89,2020-03-06 07:12:00.000,2_el_una_es_oferta
64,3,"women, womens, womens day, international womens, male leaders",48,2020-03-06 07:12:00.000,3_women_womens_women engineering_enginee...
65,4,"aecom acm, ceo burke, acm aecom, expected aecom, earnings moved",33,2020-03-06 07:12:00.000,4_acm_earnings_acm aecom_aecom acm
66,5,"transport, transport make, make transport, transport systems, public transport",36,2020-03-06 07:12:00.000,5_transit_transport_bus_transportation
67,6,"covid19, coronavirus, coronavirus pandemic, aecom provides, amid coronavirus",60,2020-03-06 07:12:00.000,6_covid19_pandemic_coronavirus_facility
68,7,"river, working river, river packet, action promote, river help",19,2020-03-06 07:12:00.000,7_flood_water webinar_webinar_river
69,8,"transportation sector, carbon, sector develop, ambitious carbon, uk transportation",5,2020-03-06 07:12:00.000,8_carbon_emissions_net zero_zero carbon
70,9,"jails, new jails, billions dollars, corrupt development, taxpayers",17,2020-03-06 07:12:00.000,9_jails_billions_billions dollars_new ja...
71,11,"infrastructure, infrastructure agenda, paramount infrastructure, stimulus packages, agenda",11,2020-03-06 07:12:00.000,11_infrastructure_economic_impact_social...
72,12,"webinar, opportunities freight, key challenges, webinar key, freight logistics",8,2020-03-06 07:12:00.000,12_webinar_join webinar_upcoming webinar...
73,13,"tingkat nasional, tingkat, lomba, poster, poster tingkat",18,2020-03-06 07:12:00.000,13_indonesia_pembangunan_dalam pembangun...
74,15,"improved service, residents improved, better future, create better, future generations",10,2020-03-06 07:12:00.000,15_cities_housing_planning_homes
75,16,"innovation officer, chief digital, importance networking, apac, apac chief",13,2020-03-06 07:12:00.000,16_digital_tools_architects_digitalis le...
76,18,"dallas, ca jumping, office tony, tenure new, bag california",6,2020-03-06 07:12:00.000,18_dallas_headquarters_relocate_los ange...
77,19,"hospital, hospital help, walton hospital, support customer, hospital site",3,2020-03-06 07:12:00.000,19_hospital_nhs_nhs louisa_worst circums...
78,20,"garden dm, beefriendly garden, tagging tracking, team challenge, talks catching",2,2020-03-06 07:12:00.000,20_habitats_habitats regulations_regulat...
79,21,"wsp, wsp global, rival engineering, firm aecom, services firm",20,2020-03-06 07:12:00.000,21_wsp_wsp global_firm aecom_merger
80,22,"podcast, episode, episodes, final episodes, hrpeople communications",23,2020-03-06 07:12:00.000,22_podcast_listen episode_zoe humphries_...
81,23,"aecom acm, price target, acm price, acm, citigroup aecom",18,2020-03-06 07:12:00.000,23_aecom acm_price target_acm_acm price
82,24,"graduate tunnelling, tunnelling engineer, engineer apply, tunnelling, tunnel",2,2020-03-06 07:12:00.000,24_tunnel_tunneling_underground_tunnelli...
83,25,"care abt, minerals council, amp protecting, abt amp, future minerals",7,2020-03-06 07:12:00.000,25_eis_pebble_clean eis_best business
84,26,"directorate amp, benefitted program, amp gives, gives apprentices, amp roles",4,2020-03-06 07:12:00.000,26_apprenticeship_apprenticeships_appren...
85,27,"consultation tool, public consultation, virtual public, consultation, public engagement",43,2020-03-06 07:12:00.000,27_consultation_consultation tool_public...
86,28,"filing form, aecom sec, sec filing, acm aecom, sec acm",7,2020-03-06 07:12:00.000,28_form_filing form_sec filing_aecom sec
87,29,"execs disaster, obriens execs, lawmakers grill, disaster recovery, lawmakers",1,2020-03-06 07:12:00.000,29_lindsay goldberg_lew obamas_treasury ...
88,30,"hyperloop, growth 2030, transpod aecom, hyperloop transpod, players hyperloop",2,2020-03-06 07:12:00.000,30_hyperloop_feasibility study_hyperloop...
89,32,"skilled tradespeople, recent graduates, graduates skilled, careers experienced, fulfilling careers",7,2020-03-06 07:12:00.000,32_recent graduates_graduates skilled_sk...
90,35,"architectural gems, gems th, gems, new architectural, amp st",2,2020-03-06 07:12:00.000,35_building_franklin team_building previ...
91,-1,"nia, aecom, pandemic, support, acm",942,2020-04-07 22:48:00.000,-1_amp_aecom_design_building
92,0,"aecom, engineer, nasa, services, company aecom",197,2020-04-07 22:48:00.000,0_aecom_engineer_united states_company
93,1,"thanks, sponsors, rescue funding, groups joining, thank groups",176,2020-04-07 22:48:00.000,1_thanks_sponsors_congratulations_amp
94,2,"es, en el, empresas, nuestras empresas, este ayto",31,2020-04-07 22:48:00.000,2_el_una_es_oferta
95,3,"womens basketball, aging research, institute aging, genetics director, genetics",9,2020-04-07 22:48:00.000,3_women_womens_women engineering_enginee...
96,4,"acm, aecom acm, earnings, acm aecom, thestreet aecom",83,2020-04-07 22:48:00.000,4_acm_earnings_acm aecom_aecom acm
97,5,"gtcars, gtbike, gtbike parking, parking gteds, gteds gtcycles",27,2020-04-07 22:48:00.000,5_transit_transport_bus_transportation
98,6,"covid19, pandemic, facility, care facility, hospitals",169,2020-04-07 22:48:00.000,6_covid19_pandemic_coronavirus_facility
99,7,"abundant resource, water scarce, scarce commodity, northern communities, resource water",27,2020-04-07 22:48:00.000,7_flood_water webinar_webinar_river
100,8,"emissions, carbon, reduction emissions, emissions approved, shoots reduction",22,2020-04-07 22:48:00.000,8_carbon_emissions_net zero_zero carbon
101,9,"billions, jails, billions dollars, new jails, dollars new",33,2020-04-07 22:48:00.000,9_jails_billions_billions dollars_new ja...
102,11,"infrastructure, economic, social impact, ceo makes, emea ceo",50,2020-04-07 22:48:00.000,11_infrastructure_economic_impact_social...
103,12,"webinar, sinclair, join, join webinar, webinar series",35,2020-04-07 22:48:00.000,12_webinar_join webinar_upcoming webinar...
104,13,"transporta, indonesia, cienjamu vcu, par dadu, vcu autoraotju",12,2020-04-07 22:48:00.000,13_indonesia_pembangunan_dalam pembangun...
105,15,"economies emerge, crisis smarter, humanity economies, collective brainpower, brainpower humanity",17,2020-04-07 22:48:00.000,15_cities_housing_planning_homes
106,16,"kevin, examples amp, amp evolved, capability kevin, digitalis",20,2020-04-07 22:48:00.000,16_digital_tools_architects_digitalis le...
107,17,"theme, orlando tampa, tampa recent, year available, parks orlando",8,2020-04-07 22:48:00.000,17_theme index_teaaecom theme_museum_par...
108,18,"lead strategy, business texas, president executive, rastogis, rastogis appointment",2,2020-04-07 22:48:00.000,18_dallas_headquarters_relocate_los ange...
109,19,"hospital, nhs, support fema, fema mission, temporary medical",53,2020-04-07 22:48:00.000,19_hospital_nhs_nhs louisa_worst circums...
110,20,"unions, decisions, species, unions happy, countybut long",4,2020-04-07 22:48:00.000,20_habitats_habitats regulations_regulat...
111,21,"stalled aecomwsp, megafirm sources, talks create, halt talks, wsp halt",2,2020-04-07 22:48:00.000,21_wsp_wsp global_firm aecom_merger
112,22,"podcast, joined qampas, media sector, inspirational podcast, listen thursday",3,2020-04-07 22:48:00.000,22_podcast_listen episode_zoe humphries_...
113,23,"aecom acm, acm price, acm, analysts, acm given",23,2020-04-07 22:48:00.000,23_aecom acm_price target_acm_acm price
114,24,"tunneling, tunneling construction, engineer lars, senior tunneling, construction engineer",3,2020-04-07 22:48:00.000,24_tunnel_tunneling_underground_tunnelli...
115,25,"dozen, agencies, dozen cooperating, cooperating agencies, cooperating",5,2020-04-07 22:48:00.000,25_eis_pebble_clean eis_best business
116,26,"dad scott, officer emmas, little brodie, brodie helps, brodie",5,2020-04-07 22:48:00.000,26_apprenticeship_apprenticeships_appren...
117,27,"consultation, consultation tool, public consultation, public engagement, engagement projects",24,2020-04-07 22:48:00.000,27_consultation_consultation tool_public...
118,28,"aecom sec, filing form, sec filing, acm aecom, acm",1,2020-04-07 22:48:00.000,28_form_filing form_sec filing_aecom sec
119,30,"technology future, future read, hyperloop technology, hyperloop, technology",1,2020-04-07 22:48:00.000,30_hyperloop_feasibility study_hyperloop...
120,31,"multinacional respon, da justia, compra respiradores, tcnicos da, da multinacional",1,2020-04-07 22:48:00.000,31_fiscalizar_mineradoras que_governo_go...
121,32,"skilled tradespeople, recent graduates, graduates skilled, careers experienced, fulfilling careers",7,2020-04-07 22:48:00.000,32_recent graduates_graduates skilled_sk...
122,33,"bridge, bikers, bridge pedestrians, pedestrians bikers, pedestrians",10,2020-04-07 22:48:00.000,33_bridge_howe_gordie howe_international...
123,34,"ibm steps, termination decide, steps termination, relationship aecom, strategic futureclick",10,2020-04-07 22:48:00.000,34_steps termination_ibm steps_terminati...
124,35,"containers coming, youth centre, grandstand, begun containers, centre foundations",3,2020-04-07 22:48:00.000,35_building_franklin team_building previ...
125,-1,"design prisons, prisons, yall design, design, amp",1200,2020-05-10 14:24:00.000,-1_amp_aecom_design_building
126,0,"aecom, engineer, construction, engineering, company aecom",198,2020-05-10 14:24:00.000,0_aecom_engineer_united states_company
127,1,"presenters, congratulations, sponsor, presenters day, awards",173,2020-05-10 14:24:00.000,1_thanks_sponsors_congratulations_amp
128,2,"pacientes enfermedades, enfermedades lisosomales, lisosomales, enfermedades, pacientes",33,2020-05-10 14:24:00.000,2_el_una_es_oferta
129,3,"believe inclusion, diversity essential, inclusion diversity, inclusion, women",38,2020-05-10 14:24:00.000,3_women_womens_women engineering_enginee...
130,4,"acm, aecom acm, acm aecom, financial, financial guidance",53,2020-05-10 14:24:00.000,4_acm_earnings_acm aecom_aecom acm
131,5,"transport, transit, transport facilities, facilities northumberland, northumberland working",53,2020-05-10 14:24:00.000,5_transit_transport_bus_transportation
132,6,"covid19, coronavirus, pandemic, coronavirus pandemic, leaders pandemic",78,2020-05-10 14:24:00.000,6_covid19_pandemic_coronavirus_facility
133,7,"stormwater treatment, treatment centre, stormwater, water treatment, hodges park",23,2020-05-10 14:24:00.000,7_flood_water webinar_webinar_river
134,8,"carbon, carbon impact, calculate carbon, net zero, legacy sustainable",36,2020-05-10 14:24:00.000,8_carbon_emissions_net zero_zero carbon
135,9,"lawsuit, justice, department, lawsuit aecom, department justice",47,2020-05-10 14:24:00.000,9_jails_billions_billions dollars_new ja...
136,11,"infrastructure, infrastructure report, future infrastructure, canals roads, uk canals",35,2020-05-10 14:24:00.000,11_infrastructure_economic_impact_social...
137,12,"webinar, join webinar, join, impacts join, resulting unique",39,2020-05-10 14:24:00.000,12_webinar_join webinar_upcoming webinar...
138,13,"ameriku aecom, pengembangan, pengembangan pariwisata, kompnijas ameriku, pasaules ietekmgks",11,2020-05-10 14:24:00.000,13_indonesia_pembangunan_dalam pembangun...
139,15,"housing, embraces concept, city embraces, biophilia positive, solving housing",15,2020-05-10 14:24:00.000,15_cities_housing_planning_homes
140,16,"researchers department, tool encourages, develop software, encourages construction, department worked",16,2020-05-10 14:24:00.000,16_digital_tools_architects_digitalis le...
141,17,"attendance, teaaecom attendance, numbers released, analyzing attendance, teaaecom spring",2,2020-05-10 14:24:00.000,17_theme index_teaaecom theme_museum_par...
142,18,"dallas, vp dallas, california attempts, loop lost, routes california",2,2020-05-10 14:24:00.000,18_dallas_headquarters_relocate_los ange...
143,19,"worst circumstances, born worst, circumstances, project born, hospital",28,2020-05-10 14:24:00.000,19_hospital_nhs_nhs louisa_worst circums...
144,20,"lizard misleadingly, species enjoying, misleadingly named, common lizard, just species",5,2020-05-10 14:24:00.000,20_habitats_habitats regulations_regulat...
145,21,"wsp, prendergast aecom, swf invest, mta chairman, aecom texwinca",2,2020-05-10 14:24:00.000,21_wsp_wsp global_firm aecom_merger
146,22,"episode, podcast, listen episode, episode podcast, podcast series",19,2020-05-10 14:24:00.000,22_podcast_listen episode_zoe humphries_...
147,23,"pt 4578, brokerages set, set aecom, acm pt, brokerages",1,2020-05-10 14:24:00.000,23_aecom acm_price target_acm_acm price
148,24,"tunnel, stonehenge, stonehenge tunnel, aecoms stonehenge, tunnel work",8,2020-05-10 14:24:00.000,24_tunnel_tunneling_underground_tunnelli...
149,26,"virtual employer, want virtual, employer encounter, employer, cim",6,2020-05-10 14:24:00.000,26_apprenticeship_apprenticeships_appren...
150,27,"public, consultation tool, public consultation, consultation, time ireland",3,2020-05-10 14:24:00.000,27_consultation_consultation tool_public...
151,28,"aecom sec, filing form, sec filing, form, acm aecom",2,2020-05-10 14:24:00.000,28_form_filing form_sec filing_aecom sec
152,29,"relief https, hurricane disaster, disaster relief, joins lawsuit, connection hurricane",55,2020-05-10 14:24:00.000,29_lindsay goldberg_lew obamas_treasury ...
153,30,"hyperloop, hyperloop feasibility, midwest connect, findings midwest, hyperloop technology",35,2020-05-10 14:24:00.000,30_hyperloop_feasibility study_hyperloop...
154,32,"skilled tradespeople, recent graduates, graduates skilled, careers experienced, fulfilling careers",7,2020-05-10 14:24:00.000,32_recent graduates_graduates skilled_sk...
155,33,"bridge, aecom data, bridge aecom, data manage, cobs 100m",9,2020-05-10 14:24:00.000,33_bridge_howe_gordie howe_international...
156,34,"ibm steps, termination decide, steps termination, relationship aecom, strategic futureclick",16,2020-05-10 14:24:00.000,34_steps termination_ibm steps_terminati...
157,35,"damon, damon standing, damon responsible, damon grey, facility damon",1,2020-05-10 14:24:00.000,35_building_franklin team_building previ...
158,-1,"amp, aecom, infrastructure, future, projects",1174,2020-06-12 06:00:00.000,-1_amp_aecom_design_building
159,0,"aecom, engineer, united, job summary, summary aecom",266,2020-06-12 06:00:00.000,0_aecom_engineer_united states_company
160,1,"congratulations, event, sponsor, shortlisted, awards",172,2020-06-12 06:00:00.000,1_thanks_sponsors_congratulations_amp
161,2,"el, por, una, los, en el",85,2020-06-12 06:00:00.000,2_el_una_es_oferta
162,3,"women, civil military, military, places work, commitment inclusion",81,2020-06-12 06:00:00.000,3_women_womens_women engineering_enginee...
163,4,"acm, aecom acm, aecom announce, fiscal results, earnings",23,2020-06-12 06:00:00.000,4_acm_earnings_acm aecom_aecom acm
164,5,"car park, car, early envelope, weeks internals, motoring ahead",27,2020-06-12 06:00:00.000,5_transit_transport_bus_transportation
165,6,"covid19, pandemic, coronavirus, africaclosing, south africaclosing",52,2020-06-12 06:00:00.000,6_covid19_pandemic_coronavirus_facility
166,7,"shared, recipient shared, park recipient, shared footprints, footprints category",12,2020-06-12 06:00:00.000,7_flood_water webinar_webinar_river
167,8,"carbon, net zero, net, zero carbon, emissions",14,2020-06-12 06:00:00.000,8_carbon_emissions_net zero_zero carbon
168,9,"related hurricane, aecom lawsuit, lawsuit related, case aecom, justice department",10,2020-06-12 06:00:00.000,9_jails_billions_billions dollars_new ja...
169,11,"infrastructure, ministers tenure, talk infrastructure, revolution levelling, infrastructure revolution",25,2020-06-12 06:00:00.000,11_infrastructure_economic_impact_social...
170,12,"webinar, upcoming webinar, webinar join, demand webinar, guests stoked",31,2020-06-12 06:00:00.000,12_webinar_join webinar_upcoming webinar...
171,13,"bija, sa, jprasa, jums jprasa, jau",19,2020-06-12 06:00:00.000,13_indonesia_pembangunan_dalam pembangun...
172,15,"cities director, cities, writes collaborative, collaborative spirit, global cities",20,2020-06-12 06:00:00.000,15_cities_housing_planning_homes
173,16,"capability kevin, going digitalis, leveraging tools, digitalis leveraging, digitalis",10,2020-06-12 06:00:00.000,16_digital_tools_architects_digitalis le...
174,17,"index, looking teaaecom, amp index, index amp, teaaecom theme",1,2020-06-12 06:00:00.000,17_theme index_teaaecom theme_museum_par...
175,18,"working taco, visa workers, travel exemption, workers experienced, temporary visa",2,2020-06-12 06:00:00.000,18_dallas_headquarters_relocate_los ange...
176,19,"hospital, open week, hospital open, new hospital, conversions showcases",15,2020-06-12 06:00:00.000,19_hospital_nhs_nhs louisa_worst circums...
177,20,"weve spotted, citizen scientists, red squirrel, spotted cameras, squirrel",2,2020-06-12 06:00:00.000,20_habitats_habitats regulations_regulat...
178,21,"seen wsp, wsp launched, launched environmental, industry pledge, environmental industry",1,2020-06-12 06:00:00.000,21_wsp_wsp global_firm aecom_merger
179,22,"zoe humphries, humphries, zoe, humphries mathieu, podcast",17,2020-06-12 06:00:00.000,22_podcast_listen episode_zoe humphries_...
180,23,"aecom acm, acm receives, acm, receives consensus, brokerages aecom",5,2020-06-12 06:00:00.000,23_aecom acm_price target_acm_acm price
181,24,"tunnel, leading webinar, tunnel practice, webinar tunnel, tunneling",13,2020-06-12 06:00:00.000,24_tunnel_tunneling_underground_tunnelli...
182,26,"matthew abbe, engineers matthew, abbe paige, today engineers, ray banks",7,2020-06-12 06:00:00.000,26_apprenticeship_apprenticeships_appren...
183,27,"reimagines, reimagines public, completely reimagines, consultation tool, virtual consultation",10,2020-06-12 06:00:00.000,27_consultation_consultation tool_public...
184,28,"cdt, cdt join, pm cdt, join roundtable, roundtable",9,2020-06-12 06:00:00.000,28_form_filing form_sec filing_aecom sec
185,30,"hyperloop, technologie hyperloop, technologie, technologies hyperloop, angelesbased engineering",3,2020-06-12 06:00:00.000,30_hyperloop_feasibility study_hyperloop...
186,32,"skilled tradespeople, recent graduates, graduates skilled, careers experienced, fulfilling careers",7,2020-06-12 06:00:00.000,32_recent graduates_graduates skilled_sk...
187,33,"bridge, lowball estimate, bridge builtso, cobpwd lowball, cobpwd",1,2020-06-12 06:00:00.000,33_bridge_howe_gordie howe_international...
188,34,"ibm steps, termination decide, steps termination, relationship aecom, strategic futureclick",13,2020-06-12 06:00:00.000,34_steps termination_ibm steps_terminati...
189,35,"june building, team step, open june, years helping, building",5,2020-06-12 06:00:00.000,35_building_franklin team_building previ...
190,-1,"planners, reforms, reforms planning, biggest reforms, promised biggest",1051,2020-07-14 21:36:00.000,-1_amp_aecom_design_building
191,0,"aecom, engineer, united states, states america, america",283,2020-07-14 21:36:00.000,0_aecom_engineer_united states_company
192,1,"disruptive events, disruptive, todays discussion, infrastructure disruptive, discussion infrastructure",138,2020-07-14 21:36:00.000,1_thanks_sponsors_congratulations_amp
193,2,"progetto, mundo, en el, museo, visitados",93,2020-07-14 21:36:00.000,2_el_una_es_oferta
194,3,"women, missed women, hear women, women engineering, women civil",34,2020-07-14 21:36:00.000,3_women_womens_women engineering_enginee...
195,4,"acm, earnings, acm aecom, aecom acm, aecom reports",52,2020-07-14 21:36:00.000,4_acm_earnings_acm aecom_aecom acm
196,5,"transit agencies, halifax, bus, bus station, safe return",56,2020-07-14 21:36:00.000,5_transit_transport_bus_transportation
197,6,"covid19, fleet challenges, challenges presented, challenges, covid",21,2020-07-14 21:36:00.000,6_covid19_pandemic_coronavirus_facility
198,7,"water companies, value assets, asset health, assets, park wetlands",23,2020-07-14 21:36:00.000,7_flood_water webinar_webinar_river
199,8,"carbon, zero carbon, electric grid, carbon energy, energy systems",29,2020-07-14 21:36:00.000,8_carbon_emissions_net zero_zero carbon
200,9,"jails, billions, billions dollars, spend billions, new jails",16,2020-07-14 21:36:00.000,9_jails_billions_billions dollars_new ja...
201,11,"infrastructure, jobs, identified projects, amp improve, estimated jobs",30,2020-07-14 21:36:00.000,11_infrastructure_economic_impact_social...
202,12,"webinar, forecast webinar, register, webinar look, meetings",11,2020-07-14 21:36:00.000,12_webinar_join webinar_upcoming webinar...
203,13,"portofoonpartner en, internetadressen, internetadressen en, aecom portofoonpartner, smelt europe",8,2020-07-14 21:36:00.000,13_indonesia_pembangunan_dalam pembangun...
204,15,"planners, planning, planners reviewed, changes believe, urban",42,2020-07-14 21:36:00.000,15_cities_housing_planning_homes
205,16,"digital, broadband, access columbus, goals amp, amp inform",17,2020-07-14 21:36:00.000,16_digital_tools_architects_digitalis le...
206,17,"theme index, teaaecom theme, theme parks, theme park, museum index",96,2020-07-14 21:36:00.000,17_theme index_teaaecom theme_museum_par...
207,18,"north texas, jobs north, create jobs, infrastructure projects, texas infrastructure",7,2020-07-14 21:36:00.000,18_dallas_headquarters_relocate_los ange...
208,19,"projects designing, read impact, patient car, collaboration projects, impact collaboration",10,2020-07-14 21:36:00.000,19_hospital_nhs_nhs louisa_worst circums...
209,20,"habitats, habitats regulations, regulations, webinar discuss, changes habitats",6,2020-07-14 21:36:00.000,20_habitats_habitats regulations_regulat...
210,22,"episode, lloydhurwitz ceo, susan lloydhurwitz, season chats, episode season",10,2020-07-14 21:36:00.000,22_podcast_listen episode_zoe humphries_...
211,23,"aecom acm, price target, acm price, acm, brokerages aecom",6,2020-07-14 21:36:00.000,23_aecom acm_price target_acm_acm price
212,25,"led fish, fish rescue, abbey facilitate, rescue kirkstall, kirkstall abbey",13,2020-07-14 21:36:00.000,25_eis_pebble_clean eis_best business
213,26,"episode publish, tomorrow gtgt, future engineering, engineering episode, president future",3,2020-07-14 21:36:00.000,26_apprenticeship_apprenticeships_appren...
214,27,"consultation, consultation tool, virtual consultation, public consultation, reimagines public",6,2020-07-14 21:36:00.000,27_consultation_consultation tool_public...
215,28,"current report, sec acm, report sec, filed acm, filing form",5,2020-07-14 21:36:00.000,28_form_filing form_sec filing_aecom sec
216,30,"hyperloop, hyperloop technology, technology market, hyperloop feasibility, 2027 hyperloop",9,2020-07-14 21:36:00.000,30_hyperloop_feasibility study_hyperloop...
217,32,"graduates skilled, recent graduates, skilled tradespeople, fulfilling careers, careers experienced",7,2020-07-14 21:36:00.000,32_recent graduates_graduates skilled_sk...
218,33,"bridge, gordie howe, howe international, howe, international bridge",18,2020-07-14 21:36:00.000,33_bridge_howe_gordie howe_international...
219,34,"termination decide, decide strategic, steps termination, relationship aecom, termination",5,2020-07-14 21:36:00.000,34_steps termination_ibm steps_terminati...
220,35,"500k, euro mir, incredible wish, amp schedule, wish euro",5,2020-07-14 21:36:00.000,35_building_franklin team_building previ...
221,-1,"aecom, amp, acm, design, environmental",1195,2020-08-16 13:12:00.000,-1_amp_aecom_design_building
222,0,"aecom, engineer, aecom riding, riding technology, technology workplace",217,2020-08-16 13:12:00.000,0_aecom_engineer_united states_company
223,1,"thanks, amp, tonight discuss, constituents taking, particpants amp",173,2020-08-16 13:12:00.000,1_thanks_sponsors_congratulations_amp
224,2,"la, el, es, una, grupo",103,2020-08-16 13:12:00.000,2_el_una_es_oferta
225,3,"new position, appointment lydia, lydia kennard, kennard, lydia",36,2020-08-16 13:12:00.000,3_women_womens_women engineering_enginee...
226,4,"acm, aecom acm, earnings, acm aecom, acm insider",23,2020-08-16 13:12:00.000,4_acm_earnings_acm aecom_aecom acm
227,5,"road, transit, transit jobs, millions rely, public transit",98,2020-08-16 13:12:00.000,5_transit_transport_bus_transportation
228,6,"coronavirus, covid19, pandemic, coronavirus pandemic, navigate coronavirus",54,2020-08-16 13:12:00.000,6_covid19_pandemic_coronavirus_facility
229,7,"water, water reuse, beverage industry, beverage, industry wastewater",21,2020-08-16 13:12:00.000,7_flood_water webinar_webinar_river
230,8,"carbon, rhys tyler, emissions, embodied, embodied carbon",72,2020-08-16 13:12:00.000,8_carbon_emissions_net zero_zero carbon
231,9,"jails, billions dollars, aecom jails, new jails, spending billions",49,2020-08-16 13:12:00.000,9_jails_billions_billions dollars_new ja...
232,11,"infrastructure, belief infrastructure, infrastructure initiatives, cohesive infrastructure, economic advancement",19,2020-08-16 13:12:00.000,11_infrastructure_economic_impact_social...
233,12,"webinar, cohosted alongside, zero webinar, join september, webinar cohosted",26,2020-08-16 13:12:00.000,12_webinar_join webinar_upcoming webinar...
234,13,"lomba, selamat, dalam, dalam lomba, promotions",13,2020-08-16 13:12:00.000,13_indonesia_pembangunan_dalam pembangun...
235,14,"pressure, escolarizacin nios, la escolarizacin, escolarizacin, recomendaciones",18,2020-08-16 13:12:00.000,14_pressure_overturn democracy_voted ove...
236,15,"developers, looking residential, developers looking, opportunities city, residential opportunities",17,2020-08-16 13:12:00.000,15_cities_housing_planning_homes
237,16,"digital, broadband, digital twin, technologies, digital investments",12,2020-08-16 13:12:00.000,16_digital_tools_architects_digitalis le...
238,17,"arabias project, crossborder smart, designing saudi, new model, project crossborder",18,2020-08-16 13:12:00.000,17_theme index_teaaecom theme_museum_par...
239,19,"hospital, plans approvedsee, hospital detailed, approvedsee glenigan, new childrens",7,2020-08-16 13:12:00.000,19_hospital_nhs_nhs louisa_worst circums...
240,20,"policy taking, flagship biodiversity, governments flagship, environmental consultancies, biodiversity net",4,2020-08-16 13:12:00.000,20_habitats_habitats regulations_regulat...
241,21,"things connected, hntb wsp, leave hntb, aecom maybe, wsp",1,2020-08-16 13:12:00.000,21_wsp_wsp global_firm aecom_merger
242,22,"podcast, podcast job, episode, survivormy, survivormy passion",4,2020-08-16 13:12:00.000,22_podcast_listen episode_zoe humphries_...
243,23,"aecom acm, acm, set aecom, acm pt, acm given",4,2020-08-16 13:12:00.000,23_aecom acm_price target_acm_acm price
244,24,"tunnel, aecoms nasri, tunnel construction, world aecoms, tunneltalk discussing",5,2020-08-16 13:12:00.000,24_tunnel_tunneling_underground_tunnelli...
245,25,"mining wales, metal programme, reducing environmental, wales metal, metal mining",8,2020-08-16 13:12:00.000,25_eis_pebble_clean eis_best business
246,26,"parents amp, mythbusting parents, mythbusting, forward apprenticeship, apprenticeship mythbusting",3,2020-08-16 13:12:00.000,26_apprenticeship_apprenticeships_appren...
247,27,"tool, touted outreach, outreach tool, consultation, consultation tool",5,2020-08-16 13:12:00.000,27_consultation_consultation tool_public...
248,28,"form pressnews, current report, acm aecom, filing form, filed acm",2,2020-08-16 13:12:00.000,28_form_filing form_sec filing_aecom sec
249,30,"hyperloop, hyperloop technology, technology market, hyperloop feasibility, connect hyperloop",25,2020-08-16 13:12:00.000,30_hyperloop_feasibility study_hyperloop...
250,31,"fiscalizar, mineradoras que, para fiscalizar, barragens cliente, governo para",116,2020-08-16 13:12:00.000,31_fiscalizar_mineradoras que_governo_go...
251,32,"graduates skilled, recent graduates, skilled tradespeople, careers experienced, fulfilling careers",9,2020-08-16 13:12:00.000,32_recent graduates_graduates skilled_sk...
252,33,"sense bridge, expensive solved, bridge expensive, bridge, international bridge",1,2020-08-16 13:12:00.000,33_bridge_howe_gordie howe_international...
253,34,"ibm steps, termination decide, steps termination, relationship aecom, strategic futureclick",12,2020-08-16 13:12:00.000,34_steps termination_ibm steps_terminati...
254,35,"weather kind, scenery stunning, scenery, love northumberland, code weather",1,2020-08-16 13:12:00.000,35_building_franklin team_building previ...
255,-1,"covid, contract, jordan covid, multinational aecom, covid hospita",1338,2020-09-18 04:48:00.000,-1_amp_aecom_design_building
256,0,"aecom, engineer, job energy, jobline click, jobline",266,2020-09-18 04:48:00.000,0_aecom_engineer_united states_company
257,1,"thanks, sponsors, amp, speakers, award",262,2020-09-18 04:48:00.000,1_thanks_sponsors_congratulations_amp
258,2,"souverain du, saoudienfonds, srie contrats, srie, saoudienfonds souverain",46,2020-09-18 04:48:00.000,2_el_una_es_oferta
259,3,"new position, ieee pes, appointed amp, amp society, society ieee",55,2020-09-18 04:48:00.000,3_women_womens_women engineering_enginee...
260,4,"acm, repurchase program, criticalpoint capital, repurchase, acm aecom",73,2020-09-18 04:48:00.000,4_acm_earnings_acm aecom_aecom acm
261,5,"transit, vital economic, systems vital, thriving transit, social pandemic",40,2020-09-18 04:48:00.000,5_transit_transport_bus_transportation
262,6,"post covid19john, covid19john concannon, todayis project, covid19john, covid19",12,2020-09-18 04:48:00.000,6_covid19_pandemic_coronavirus_facility
263,7,"building resilience, resilience, restored wetlands, waterenvironment, wetlands mississippi",21,2020-09-18 04:48:00.000,7_flood_water webinar_webinar_river
264,8,"carbon, carbon buildings, buildings commitment, zero carbon, buildings",24,2020-09-18 04:48:00.000,8_carbon_emissions_net zero_zero carbon
265,9,"jails, aecom energy, new jails, corp aecom, bechtel corp",42,2020-09-18 04:48:00.000,9_jails_billions_billions dollars_new ja...
266,11,"infrastructure, economic, growth, perspective funding, invested transportation",30,2020-09-18 04:48:00.000,11_infrastructure_economic_impact_social...
267,12,"webinar, proud cohosting, zero lunchtime, cohosting, lunchtime webinar",10,2020-09-18 04:48:00.000,12_webinar_join webinar_upcoming webinar...
268,13,"hanfordbechtelaecom, hanfordbechtelaecom hanfordbechtelaecom, firma, rumuskiej, remont reaktora",17,2020-09-18 04:48:00.000,13_indonesia_pembangunan_dalam pembangun...
269,15,"new frontiers, frontiers urban, urban living, frontiers, technical editor",33,2020-09-18 04:48:00.000,15_cities_housing_planning_homes
270,16,"digital, construction, digitalization, vital asset, sector add",15,2020-09-18 04:48:00.000,16_digital_tools_architects_digitalis le...
271,17,"model fo, arabias project, project crossborder, designing saudi, smart city",11,2020-09-18 04:48:00.000,17_theme index_teaaecom theme_museum_par...
272,19,"latest designs, led revealed, designs moorfields, moorfields eye, moorfields",3,2020-09-18 04:48:00.000,19_hospital_nhs_nhs louisa_worst circums...
273,20,"biodiversity urban, impact biodiversity, positively impact, biodiversity, urban infrastr",2,2020-09-18 04:48:00.000,20_habitats_habitats regulations_regulat...
274,21,"wsp, 135 mampa, mampa target, led wsp, calls bought",3,2020-09-18 04:48:00.000,21_wsp_wsp global_firm aecom_merger
275,22,"podcast, joanna smith, joanna, episode, msce talks",9,2020-09-18 04:48:00.000,22_podcast_listen episode_zoe humphries_...
276,23,"aecom acm, acm, acm receives, analysts, acm given",12,2020-09-18 04:48:00.000,23_aecom acm_price target_acm_acm price
277,24,"tunnel, subterranean, underground, urban living, subterranean spaces",19,2020-09-18 04:48:00.000,24_tunnel_tunneling_underground_tunnelli...
278,25,"slantill, moment sources, type thinkingappeal, sources paid, slantill acoeaecoms",1,2020-09-18 04:48:00.000,25_eis_pebble_clean eis_best business
279,26,"apprentice, apprentice year, firstever apprentice, apprentice mechanical, apprentices new",2,2020-09-18 04:48:00.000,26_apprenticeship_apprenticeships_appren...
280,27,"engagement, consultation, consultation tool, public consultation, public engagement",3,2020-09-18 04:48:00.000,27_consultation_consultation tool_public...
281,28,"kcc, submitted kcc, filed, current report, filing form",5,2020-09-18 04:48:00.000,28_form_filing form_sec filing_aecom sec
282,30,"hyperloop, hyperloop technology, technology market, hyperloop primetime, innovation enthusiastically",4,2020-09-18 04:48:00.000,30_hyperloop_feasibility study_hyperloop...
283,32,"skilled tradespeople, recent graduates, graduates skilled, careers experienced, fulfilling careers",7,2020-09-18 04:48:00.000,32_recent graduates_graduates skilled_sk...
284,34,"ibm steps, termination decide, steps termination, relationship aecom, strategic futureclick",11,2020-09-18 04:48:00.000,34_steps termination_ibm steps_terminati...
285,35,"images look, cgi images, cgi, latest cgi, fantastic building",8,2020-09-18 04:48:00.000,35_building_franklin team_building previ...
286,-1,"amp, project, aecom, solar, virtual",1084,2020-10-20 20:24:00.000,-1_amp_aecom_design_building
287,0,"aecom, engineer, job energy, energy jobline, jobline",252,2020-10-20 20:24:00.000,0_aecom_engineer_united states_company
288,1,"sponsors, team, conference, gold sponsors, event",234,2020-10-20 20:24:00.000,1_thanks_sponsors_congratulations_amp
289,2,"una, la aecom, es, asociacin, aecom asociacin",81,2020-10-20 20:24:00.000,2_el_una_es_oferta
290,3,"new position, women, congratulations, melissa, congratulations new",55,2020-10-20 20:24:00.000,3_women_womens_women engineering_enginee...
291,4,"acm, earnings, acm aecom, aecom, aecom acm",85,2020-10-20 20:24:00.000,4_acm_earnings_acm aecom_aecom acm
292,5,"transit agencies, agencies, bus, partnership, transportation",77,2020-10-20 20:24:00.000,5_transit_transport_bus_transportation
293,6,"pandemic, recovery reopening, deployment vaccine, vaccine recovery, pandemic infection",20,2020-10-20 20:24:00.000,6_covid19_pandemic_coronavirus_facility
294,7,"water, awareness, awareness critical, national movement, movement raising",15,2020-10-20 20:24:00.000,7_flood_water webinar_webinar_river
295,8,"emissions, february glad, emissions uk, steps achieving, achieving emissions",9,2020-10-20 20:24:00.000,8_carbon_emissions_net zero_zero carbon
296,9,"infrastructure senior, rikers infrastructure, future rikers, president nyc, nyc regional",5,2020-10-20 20:24:00.000,9_jails_billions_billions dollars_new ja...
297,11,"infrastructure, 25 trillion, trillion, spend north, trillion year",14,2020-10-20 20:24:00.000,11_infrastructure_economic_impact_social...
298,12,"webinar, webinars david, sustainability ambassador, nd sustainability, ambassador webinars",14,2020-10-20 20:24:00.000,12_webinar_join webinar_upcoming webinar...
299,13,"pero ang, marawi rehab, ka bati, afifa pernah, housing pero",4,2020-10-20 20:24:00.000,13_indonesia_pembangunan_dalam pembangun...
300,14,"kudos victory, victory voters, voters partners, community leaders, victory",1,2020-10-20 20:24:00.000,14_pressure_overturn democracy_voted ove...
301,15,"center inside, interdisciplinary group, inside research, institute brings, brings interdisciplinary",3,2020-10-20 20:24:00.000,15_cities_housing_planning_homes
302,16,"digital, building design, construction, facilitating digital, digital transformationthank",25,2020-10-20 20:24:00.000,16_digital_tools_architects_digitalis le...
303,17,"theme, index, theme index, index uitgebrachtontdek, uitgebrachtontdek",6,2020-10-20 20:24:00.000,17_theme index_teaaecom theme_museum_par...
304,18,"listeners, spotlight listeners, ceo spotlight, listeners look, joined ceo",8,2020-10-20 20:24:00.000,18_dallas_headquarters_relocate_los ange...
305,19,"hospital, university college, hospital grafton, amp university, college hospital",12,2020-10-20 20:24:00.000,19_hospital_nhs_nhs louisa_worst circums...
306,20,"habitats, habitats regulations, regulations, regulations assessment, regulations assessments",28,2020-10-20 20:24:00.000,20_habitats_habitats regulations_regulat...
307,22,"features tonight, podcast appreciate, listen feedback, podcasts new, amp podcast",2,2020-10-20 20:24:00.000,22_podcast_listen episode_zoe humphries_...
308,23,"aecom acm, price target, acm price, acm, acm pt",29,2020-10-20 20:24:00.000,23_aecom acm_price target_acm_acm price
309,24,"underground, space promotes, munfah article, issue underground, building underground",5,2020-10-20 20:24:00.000,24_tunnel_tunneling_underground_tunnelli...
310,25,"contamination east, chromium, ore processing, chromium ore, processing residue",3,2020-10-20 20:24:00.000,25_eis_pebble_clean eis_best business
311,26,"achievement ground, autodesk university, apprenticeship, achievement, engineering team",14,2020-10-20 20:24:00.000,26_apprenticeship_apprenticeships_appren...
312,27,"consultation, consultation tool, public consultation, virtual consultation, true consultees",4,2020-10-20 20:24:00.000,27_consultation_consultation tool_public...
313,28,"new filing, report sec, sec acm, current report, filing form",1,2020-10-20 20:24:00.000,28_form_filing form_sec filing_aecom sec
314,30,"hyperloop, prefeasibility documents, reading succession, succession hyperloop, hyperloop prefeasibility",11,2020-10-20 20:24:00.000,30_hyperloop_feasibility study_hyperloop...
315,32,"skilled tradespeople, graduates skilled, recent graduates, careers experienced, fulfilling careers",10,2020-10-20 20:24:00.000,32_recent graduates_graduates skilled_sk...
316,33,"bridge, crosswalk city, bridge 100k, crosswalk, light crosswalk",6,2020-10-20 20:24:00.000,33_bridge_howe_gordie howe_international...
317,34,"ibm steps, termination decide, steps termination, relationship aecom, strategic futureclick",16,2020-10-20 20:24:00.000,34_steps termination_ibm steps_terminati...
318,35,"campus construction, western campus, using environment, construction progress, environment great",2,2020-10-20 20:24:00.000,35_building_franklin team_building previ...
319,-1,"amp, rail, construction, developing highspeed, strategies developing",1160,2020-11-22 12:00:00.000,-1_amp_aecom_design_building
320,0,"aecom, engineer, construction, job energy, jobline",273,2020-11-22 12:00:00.000,0_aecom_engineer_united states_company
321,1,"award, awards, consultancy year, winners, winners congratulations",263,2020-11-22 12:00:00.000,1_thanks_sponsors_congratulations_amp
322,2,"calidad, calidad vida, programa, vida, enfermedad",95,2020-11-22 12:00:00.000,2_el_una_es_oferta
323,3,"congratulations, new position, new celebrate, congratulations staff, congratulations new",27,2020-11-22 12:00:00.000,3_women_womens_women engineering_enginee...
324,4,"acm, acm aecom, stock close, common stock, aecom common",27,2020-11-22 12:00:00.000,4_acm_earnings_acm aecom_aecom acm
325,5,"dallas fort, heavy highway, fort worth, fleets, fort",22,2020-11-22 12:00:00.000,5_transit_transport_bus_transportation
326,6,"covid19, recognised plans, infrastructure postpandemic, postpandemic recovery, role infrastructure",20,2020-11-22 12:00:00.000,6_covid19_pandemic_coronavirus_facility
327,7,"water, success salt, water investor, teams build, salt water",26,2020-11-22 12:00:00.000,7_flood_water webinar_webinar_river
328,8,"carbon, energy, marked launch, schools wales, project netzero",25,2020-11-22 12:00:00.000,8_carbon_emissions_net zero_zero carbon
329,9,"better decision, indiana pop, decision mayor, eastern district, allegations paying",2,2020-11-22 12:00:00.000,9_jails_billions_billions dollars_new ja...
330,11,"social impact, world social, infrastructure best, create infrastructure, infrastructure",9,2020-11-22 12:00:00.000,11_infrastructure_economic_impact_social...
331,12,"sfpe, join metropolis, est sfpe, hold sfpe, metropolis think",14,2020-11-22 12:00:00.000,12_webinar_join webinar_upcoming webinar...
332,13,"savas, en ondertussen, savas izptes, gait reiz, gatachterlijk",5,2020-11-22 12:00:00.000,13_indonesia_pembangunan_dalam pembangun...
333,15,"ngos, borders address, regional planning, ngos conveners, planning ngos",15,2020-11-22 12:00:00.000,15_cities_housing_planning_homes
334,16,"construction, changes leadership, risers, leadership, construction firms",21,2020-11-22 12:00:00.000,16_digital_tools_architects_digitalis le...
335,17,"letter day, yangtze, letter, new letter, twin dragons",11,2020-11-22 12:00:00.000,17_theme index_teaaecom theme_museum_par...
336,18,"texas, texrail line, building 71, amp longest, billion transit",3,2020-11-22 12:00:00.000,18_dallas_headquarters_relocate_los ange...
337,19,"hospital, liverpool shortlisted, health awardits, hospital liverpool, shortlisted health",8,2020-11-22 12:00:00.000,19_hospital_nhs_nhs louisa_worst circums...
338,20,"habitat landscape, landscape improvements, improvements delivered, value habitat, habitat",13,2020-11-22 12:00:00.000,20_habitats_habitats regulations_regulat...
339,22,"collegead podcast, weeks collegead, dan gale, host dan, aecoms jon",3,2020-11-22 12:00:00.000,22_podcast_listen episode_zoe humphries_...
340,24,"tunnel, tunneling, december issue, aecoms tunnel, latest tunneling",10,2020-11-22 12:00:00.000,24_tunnel_tunneling_underground_tunnelli...
341,25,"missed catch, catch watch, cragg gave, david cragg, cragg",1,2020-11-22 12:00:00.000,25_eis_pebble_clean eis_best business
342,27,"consultation, room amp, solutions virtual, amp environmental, consultation room",7,2020-11-22 12:00:00.000,27_consultation_consultation tool_public...
343,28,"filing form, aecom sec, sec filing, acm aecom, acm",3,2020-11-22 12:00:00.000,28_form_filing form_sec filing_aecom sec
344,29,"maunsell, reversed maunsell, hyder moved, moved maunsell, maunsell number",1,2020-11-22 12:00:00.000,29_lindsay goldberg_lew obamas_treasury ...
345,30,"hyperloop, hyperuglyhyperbad idea, planning infrustructure, infrustructure hyperloop, hyperloop projects",3,2020-11-22 12:00:00.000,30_hyperloop_feasibility study_hyperloop...
346,32,"skilled tradespeople, recent graduates, graduates skilled, careers experienced, fulfilling careers",9,2020-11-22 12:00:00.000,32_recent graduates_graduates skilled_sk...
347,33,"bridge, brief bridge, shows risks, risks nonengineers, bridge collapse",12,2020-11-22 12:00:00.000,33_bridge_howe_gordie howe_international...
348,34,"ibm steps, termination decide, steps termination, relationship aecom, strategic futureclick",18,2020-11-22 12:00:00.000,34_steps termination_ibm steps_terminati...
349,35,"zone cam, university denton, feet skywalk, campus way, cam timelapse",3,2020-11-22 12:00:00.000,35_building_franklin team_building previ...
350,-1,"pac gave, election pac, money senators, senators tried, corporations gave",993,2020-12-25 03:36:00.000,-1_amp_aecom_design_building
351,0,"aecom, engineer, united states, summary aecom, company aecom",226,2020-12-25 03:36:00.000,0_aecom_engineer_united states_company
352,1,"exciting times, times students, class exciting, staff thanks, day class",103,2020-12-25 03:36:00.000,1_thanks_sponsors_congratulations_amp
353,2,"informacin asociacin, metabolismo sobre, informacin, asociacin espaola, errores congnitos",34,2020-12-25 03:36:00.000,2_el_una_es_oferta
354,3,"position account, celebrate today, new position, account, congratulations new",11,2020-12-25 03:36:00.000,3_women_womens_women engineering_enginee...
355,4,"acm, acm aecom, earnings conference, conference february, aecom host",35,2020-12-25 03:36:00.000,4_acm_earnings_acm aecom_aecom acm
356,5,"electric proud, advance policies, partner advance, transportation electric, future transportation",41,2020-12-25 03:36:00.000,5_transit_transport_bus_transportation
357,6,"wus govt, nepa future, future means, agencies bring, govt agencies",6,2020-12-25 03:36:00.000,6_covid19_pandemic_coronavirus_facility
358,7,"water webinar, experts discussing, featuring experts, webinar, webinar featuring",27,2020-12-25 03:36:00.000,7_flood_water webinar_webinar_river
359,8,"carbon, heat, discuss heat, virtually discuss, heat speakers",20,2020-12-25 03:36:00.000,8_carbon_emissions_net zero_zero carbon
360,9,"came companies, major recoveries, misconduct database, database novartis, companies federal",4,2020-12-25 03:36:00.000,9_jails_billions_billions dollars_new ja...
361,11,"greed, greed greed, social inequities, proud resilience, need strategies",6,2020-12-25 03:36:00.000,11_infrastructure_economic_impact_social...
362,12,"webinar, sustainability ambassadors, webinar associations, associations sustainability, series webinars",17,2020-12-25 03:36:00.000,12_webinar_join webinar_upcoming webinar...
363,13,"indonesia, aecom indonesia, indonesia arup, bechtel indonesia, arup indonesia",10,2020-12-25 03:36:00.000,13_indonesia_pembangunan_dalam pembangun...
364,15,"costs twice, threadwhy city, plan costs, city scrap, original plan",8,2020-12-25 03:36:00.000,15_cities_housing_planning_homes
365,16,"construction, drawing board, project ideas, layout affect, building codes",17,2020-12-25 03:36:00.000,16_digital_tools_architects_digitalis le...
366,17,"teaaecom, attendance, teaaecom report, teaaecom theme, attractions",12,2020-12-25 03:36:00.000,17_theme index_teaaecom theme_museum_par...
367,19,"zero national, aims worlds, health building, national health, uks aims",3,2020-12-25 03:36:00.000,19_hospital_nhs_nhs louisa_worst circums...
368,20,"woodland, ancient woodland, habitat, habitats, trees millions",20,2020-12-25 03:36:00.000,20_habitats_habitats regulations_regulat...
369,22,"episode, episode inclusion, live series, series host, join episode",5,2020-12-25 03:36:00.000,22_podcast_listen episode_zoe humphries_...
370,23,"price target, acm price, aecom acm, acm, 6900 aecom",4,2020-12-25 03:36:00.000,23_aecom acm_price target_acm_acm price
371,24,"tunnel, tunneling, tunnels tunnel, tunnel rhode, gaspari tunneling",6,2020-12-25 03:36:00.000,24_tunnel_tunneling_underground_tunnelli...
372,26,"work experience, getting newcomers, mawgan joining, apprentice proving, team apprentice",1,2020-12-25 03:36:00.000,26_apprenticeship_apprenticeships_appren...
373,27,"consultation, consultation tool, manson robinson, assistance experience, near quincy",2,2020-12-25 03:36:00.000,27_consultation_consultation tool_public...
374,28,"world community, forward focus, community better, moving forward, community",1,2020-12-25 03:36:00.000,28_form_filing form_sec filing_aecom sec
375,30,"hyperloop, denver airport, hyperloop global, design denver, airport hyperloop",2,2020-12-25 03:36:00.000,30_hyperloop_feasibility study_hyperloop...
376,32,"skilled tradespeople, recent graduates, graduates skilled, careers experienced, fulfilling careers",6,2020-12-25 03:36:00.000,32_recent graduates_graduates skilled_sk...
377,33,"bridge, playing politics, politics engineer, politics, engineers",10,2020-12-25 03:36:00.000,33_bridge_howe_gordie howe_international...
378,34,"ibm steps, termination decide, steps termination, relationship aecom, strategic futureclick",10,2020-12-25 03:36:00.000,34_steps termination_ibm steps_terminati...
379,35,"station, station aka, new penn, check moynihan, station really",4,2020-12-25 03:36:00.000,35_building_franklin team_building previ...
380,-1,"amp, honored, aecom, construction, overturn democratic",1289,2021-01-26 19:12:00.000,-1_amp_aecom_design_building
381,0,"aecom, united states, engineer, america, summary aecom",262,2021-01-26 19:12:00.000,0_aecom_engineer_united states_company
382,1,"sponsors, thanks, awards, award, commended",201,2021-01-26 19:12:00.000,1_thanks_sponsors_congratulations_amp
383,2,"aecomampciedad, congreso, familia el, la aecom, alimentacin cuidado",101,2021-01-26 19:12:00.000,2_el_una_es_oferta
384,3,"new position, position, congratulations new, nicole, position tournament",48,2021-01-26 19:12:00.000,3_women_womens_women engineering_enginee...
385,4,"acm, earnings, acm aecom, aecom acm, aecom",81,2021-01-26 19:12:00.000,4_acm_earnings_acm aecom_aecom acm
386,5,"station town, chesterfield, chesterfield station, roads original, englands concrete",47,2021-01-26 19:12:00.000,5_transit_transport_bus_transportation
387,6,"announcement alternative, andrews governments, governments announcement, alternative quarantine, quarantine yesterday",7,2021-01-26 19:12:00.000,6_covid19_pandemic_coronavirus_facility
388,7,"water webinar, webinar featuring, river aire, risk river, ambitious proposals",39,2021-01-26 19:12:00.000,7_flood_water webinar_webinar_river
389,8,"carbon, heat, heat attendees, conf heat, low carbon",21,2021-01-26 19:12:00.000,8_carbon_emissions_net zero_zero carbon
390,9,"jails, billions, new jails, billions dollars, mood injury",32,2021-01-26 19:12:00.000,9_jails_billions_billions dollars_new ja...
391,10,"democratic electionhelp, electionhelp, electionhelp pressure, overturn democratic, pressure taken",354,2021-01-26 19:12:00.000,10_electionhelp_electionhelp pressure_de...
392,11,"infrastructure, talks global, issues rachael, infrastructure talks, global issues",5,2021-01-26 19:12:00.000,11_infrastructure_economic_impact_social...
393,12,"webinar, free webinar, pgmp, webinar webinar, cities webinar",17,2021-01-26 19:12:00.000,12_webinar_join webinar_upcoming webinar...
394,13,"ptjumos, door bocht, contractors keo, contract beeg, kompnijasameriku aecom",9,2021-01-26 19:12:00.000,13_indonesia_pembangunan_dalam pembangun...
395,14,"believe happening, honestly believe, happening, believe, overturn democracy",1,2021-01-26 19:12:00.000,14_pressure_overturn democracy_voted ove...
396,15,"housing, schemes monmouthshire, monmouthshire design, monmouthshire, rightsizing slim",10,2021-01-26 19:12:00.000,15_cities_housing_planning_homes
397,16,"amazing modern, extreme ingenious, modern fastest, ingenious interesting, fastest house",13,2021-01-26 19:12:00.000,16_digital_tools_architects_digitalis le...
398,17,"parks, piglegoland florida, pig theme, disney attractions, park merlin",3,2021-01-26 19:12:00.000,17_theme index_teaaecom theme_museum_par...
399,18,"dev rastogi, rastogi, dev, celebrating dev, rastogi recently",13,2021-01-26 19:12:00.000,18_dallas_headquarters_relocate_los ange...
400,19,"hospital, liverpool hospital, new liverpool, hospitals better, hospital shortlisted",10,2021-01-26 19:12:00.000,19_hospital_nhs_nhs louisa_worst circums...
401,20,"invasive, species, tackling invasive, nonnative species, invasive nonnative",22,2021-01-26 19:12:00.000,20_habitats_habitats regulations_regulat...
402,22,"archeologist, week guna, archeologist episode, questions archeologist, episode questions",5,2021-01-26 19:12:00.000,22_podcast_listen episode_zoe humphries_...
403,24,"tunnel, tunneling, tunneling semnatm, semnatm developments, conventional tunneling",9,2021-01-26 19:12:00.000,24_tunnel_tunneling_underground_tunnelli...
404,25,"set free, science shall, free hobbie, politics tell, eliminate politics",5,2021-01-26 19:12:00.000,25_eis_pebble_clean eis_best business
405,26,"apprenticeship, apprenticeship week, national apprenticeship, celebrate apprentices, daniel moffatt",16,2021-01-26 19:12:00.000,26_apprenticeship_apprenticeships_appren...
406,27,"community relations, needs pr, mtrlx needs, pr community, relations mtrlx",2,2021-01-26 19:12:00.000,27_consultation_consultation tool_public...
407,28,"aecom sec, filing form, sec filing, form acm, acm aecom",23,2021-01-26 19:12:00.000,28_form_filing form_sec filing_aecom sec
408,29,"goldberg, lindsay goldberg, obamas treasury, goldberg private, lew obamas",2,2021-01-26 19:12:00.000,29_lindsay goldberg_lew obamas_treasury ...
409,30,"hyperloop, heard feasibility, world hyperloop, feasibility studies, webinar heard",3,2021-01-26 19:12:00.000,30_hyperloop_feasibility study_hyperloop...
410,32,"graduates skilled, recent graduates, skilled tradespeople, careers experienced, fulfilling careers",9,2021-01-26 19:12:00.000,32_recent graduates_graduates skilled_sk...
411,33,"bridge, won projects, bridge replacement, dam bridge, crystal springs",8,2021-01-26 19:12:00.000,33_bridge_howe_gordie howe_international...
412,35,"franklin team, building, share building, preview franklin, building preview",18,2021-01-26 19:12:00.000,35_building_franklin team_building previ...
413,-1,"amp, aecom, join, design, construction",1192,2021-02-28 10:48:00.000,-1_amp_aecom_design_building
414,0,"aecom, engineer, company, infrastructure, engineering",318,2021-02-28 10:48:00.000,0_aecom_engineer_united states_company
415,1,"sponsors, amp, proud, award, sponsor",177,2021-02-28 10:48:00.000,1_thanks_sponsors_congratulations_amp
416,2,"el, una, oferta, esta, es",116,2021-02-28 10:48:00.000,2_el_una_es_oferta
417,3,"women, womens, womens day, international womens, women design",119,2021-02-28 10:48:00.000,3_women_womens_women engineering_enginee...
418,4,"acm, profit, acm aecom, earnings, aecom acm",38,2021-02-28 10:48:00.000,4_acm_earnings_acm aecom_aecom acm
419,5,"transit, bus, transportation, chesterfield, mobility",53,2021-02-28 10:48:00.000,5_transit_transport_bus_transportation
420,6,"friends lost, silence midday, david nicholsons, nicholsons, nicholsons family",4,2021-02-28 10:48:00.000,6_covid19_pandemic_coronavirus_facility
421,7,"water, outdoor exercise, exercise equipment, water study, aecom water",52,2021-02-28 10:48:00.000,7_flood_water webinar_webinar_river
422,8,"carbon, bring carbon, policies bring, carbon emissions, emissions netz",12,2021-02-28 10:48:00.000,8_carbon_emissions_net zero_zero carbon
423,9,"jails, billions dollars, new jails, court, fraud",27,2021-02-28 10:48:00.000,9_jails_billions_billions dollars_new ja...
424,10,"democratic electionhelp, electionhelp pressure, electionhelp, taken stand, overturn democratic",55,2021-02-28 10:48:00.000,10_electionhelp_electionhelp pressure_de...
425,11,"infrastructure, generational opportunity, investments nations, overdue investments, nations infrastructure",36,2021-02-28 10:48:00.000,11_infrastructure_economic_impact_social...
426,12,"webinar, join webinar, agricultural sector, webinar rd, sector march",9,2021-02-28 10:48:00.000,12_webinar_join webinar_upcoming webinar...
427,13,"aecom pada, indonesia, management, kasih kepada, ssek indonesian",5,2021-02-28 10:48:00.000,13_indonesia_pembangunan_dalam pembangun...
428,14,"pressure, overturn democracy, board pressure, voted overturn, grassroots pressure",48,2021-02-28 10:48:00.000,14_pressure_overturn democracy_voted ove...
429,15,"think bigger, bigger bring, individual projects, like think, projects",5,2021-02-28 10:48:00.000,15_cities_housing_planning_homes
430,16,"digital, digital support, developing critical, critical digital, digital approaches",24,2021-02-28 10:48:00.000,16_digital_tools_architects_digitalis le...
431,17,"themepark, themepark market, themepark projects, chinas themepark, new themepark",6,2021-02-28 10:48:00.000,17_theme index_teaaecom theme_museum_par...
432,18,"rastogi featured, importance empowering, president dev, women minorities, minorities young",8,2021-02-28 10:48:00.000,18_dallas_headquarters_relocate_los ange...
433,19,"hospital, hospital reach, worlds hospital, health service, isle orkney",6,2021-02-28 10:48:00.000,19_hospital_nhs_nhs louisa_worst circums...
434,20,"species, invasive, bat, habitats, habitat",7,2021-02-28 10:48:00.000,20_habitats_habitats regulations_regulat...
435,21,"acquired canadas, aecom talks, talks acquired, canadas wsp, aecom aecom",1,2021-02-28 10:48:00.000,21_wsp_wsp global_firm aecom_merger
436,22,"podcast, episode, coffee, phoenix chapters, launching coffee",14,2021-02-28 10:48:00.000,22_podcast_listen episode_zoe humphries_...
437,24,"tunneling, tunnel, years tunneling, tunneling experts, expertise canada",13,2021-02-28 10:48:00.000,24_tunnel_tunneling_underground_tunnelli...
438,26,"virtual step, step career, career virtual, stem volunteer, engineers kat",13,2021-02-28 10:48:00.000,26_apprenticeship_apprenticeships_appren...
439,27,"metroquest, involvement scott, participate metroquest, metroquest costeffective, broaden public",1,2021-02-28 10:48:00.000,27_consultation_consultation tool_public...
440,28,"acm sec, filed aecom, filing form, sec form, sec acm",2,2021-02-28 10:48:00.000,28_form_filing form_sec filing_aecom sec
441,30,"hyperloop, interview discusses, technology expect, latest interview, expect hyperloop",3,2021-02-28 10:48:00.000,30_hyperloop_feasibility study_hyperloop...
442,32,"recent graduates, graduates skilled, skilled tradespeople, careers experienced, fulfilling careers",7,2021-02-28 10:48:00.000,32_recent graduates_graduates skilled_sk...
443,33,"bridge, chenab rail, rail bridge, bridge chenab, blockage cowan",4,2021-02-28 10:48:00.000,33_bridge_howe_gordie howe_international...
444,35,"building, franklin team, building preview, share building, preview franklin",7,2021-02-28 10:48:00.000,35_building_franklin team_building previ...
445,-1,"aecom, new strategy, usdcmd, defendant kuwait, contracting fraud",1024,2021-04-02 02:24:00.000,-1_amp_aecom_design_building
446,0,"aecom, engineer, environmental specialist, check job, united states",232,2021-04-02 02:24:00.000,0_aecom_engineer_united states_company
447,1,"virtual, conference, sponsors, awards, event",179,2021-04-02 02:24:00.000,1_thanks_sponsors_congratulations_amp
448,2,"camino, digital la, camino digital, del camino, abril es",37,2021-04-02 02:24:00.000,2_el_una_es_oferta
449,3,"happy msa, graduate person, msa students, adversity congratulation, msa",45,2021-04-02 02:24:00.000,3_women_womens_women engineering_enginee...
450,4,"acm, acm aecom, earnings, year earnings, earnings conference",38,2021-04-02 02:24:00.000,4_acm_earnings_acm aecom_aecom acm
451,5,"electric shuttle, automated electric, shuttle buses, buses, shuttle",19,2021-04-02 02:24:00.000,5_transit_transport_bus_transportation
452,6,"reorder priorities, reorder, priorities accelerate, whats reorder, changes help",22,2021-04-02 02:24:00.000,6_covid19_pandemic_coronavirus_facility
453,7,"wastewater projects, projects eufunded, stormwater, flood, stormwater management",25,2021-04-02 02:24:00.000,7_flood_water webinar_webinar_river
454,8,"carbon, carbon emis, unite companies, proud unite, netzero carbon",25,2021-04-02 02:24:00.000,8_carbon_emissions_net zero_zero carbon
455,9,"jails, billions, billions dollars, new jails, corp aecom",11,2021-04-02 02:24:00.000,9_jails_billions_billions dollars_new ja...
456,11,"infrastructure, project moving, help marylands, investments nations, opportunity deliver",12,2021-04-02 02:24:00.000,11_infrastructure_economic_impact_social...
457,12,"webinar, webinar looking, weeks webinar, webinar april, practical industrys",36,2021-04-02 02:24:00.000,12_webinar_join webinar_upcoming webinar...
458,13,"jakpro, menhub, jakpro sdh, velomanggaraiaecom, surat menhub",38,2021-04-02 02:24:00.000,13_indonesia_pembangunan_dalam pembangun...
459,14,"pressure, overturn democracy, democracy time, voted overturn, republicans voted",49,2021-04-02 02:24:00.000,14_pressure_overturn democracy_voted ove...
460,15,"homes, modular homes, homes brand, whats affordable, affordable modular",17,2021-04-02 02:24:00.000,15_cities_housing_planning_homes
461,16,"process, simplified transparent, transparent datadriven, architecture send, artefact",5,2021-04-02 02:24:00.000,16_digital_tools_architects_digitalis le...
462,17,"aecom chengdu, chengdu sunac, merkezi aecom, theme park, interruptions chinas",7,2021-04-02 02:24:00.000,17_theme index_teaaecom theme_museum_par...
463,18,"mean north, addresses american, rastogi addresses, jobs plan, american jobs",4,2021-04-02 02:24:00.000,18_dallas_headquarters_relocate_los ange...
464,19,"str, building str, worlds hospital, hospital reach, health service",1,2021-04-02 02:24:00.000,19_hospital_nhs_nhs louisa_worst circums...
465,20,"biodiversity, biodiversity framework, scandal biodiversity, scandal, amp scandal",18,2021-04-02 02:24:00.000,20_habitats_habitats regulations_regulat...
466,21,"barclays stick, stick buy, rating aecom, barclays, aecom technology",1,2021-04-02 02:24:00.000,21_wsp_wsp global_firm aecom_merger
467,22,"mediaworks radio, hq workplace, workplace sqm, sqm category, radio broadcasting",2,2021-04-02 02:24:00.000,22_podcast_listen episode_zoe humphries_...
468,23,"aecom acm, price target, acm, acm price, acm pt",13,2021-04-02 02:24:00.000,23_aecom acm_price target_acm_acm price
469,24,"tunnel, ventilation, prompts safety, safety rethink, tunnel prompts",5,2021-04-02 02:24:00.000,24_tunnel_tunneling_underground_tunnelli...
470,25,"eis, clean eis, state, alaska, deal america",22,2021-04-02 02:24:00.000,25_eis_pebble_clean eis_best business
471,26,"apprenticeships just, learn aparnas, aparnas journey, school leavers, apprenticeships",7,2021-04-02 02:24:00.000,26_apprenticeship_apprenticeships_appren...
472,27,"forum, forum panelists, component epas, weeks pfas, engagement component",1,2021-04-02 02:24:00.000,27_consultation_consultation tool_public...
473,28,"form, filing form, aecom sec, sec filing, filed acm",6,2021-04-02 02:24:00.000,28_form_filing form_sec filing_aecom sec
474,30,"hyperloop, hyperloop technology, technology market, features key, high demand",4,2021-04-02 02:24:00.000,30_hyperloop_feasibility study_hyperloop...
475,32,"graduates skilled, recent graduates, skilled tradespeople, careers experienced, fulfilling careers",7,2021-04-02 02:24:00.000,32_recent graduates_graduates skilled_sk...
476,33,"bridges, campaign joe, sense join, bridges figurative, pledged rebuild",5,2021-04-02 02:24:00.000,33_bridge_howe_gordie howe_international...
477,35,"today broken, days completed, ground just, broken ground, broken",12,2021-04-02 02:24:00.000,35_building_franklin team_building previ...
478,-1,"brexit, amp, start talking, brexit dividend, talking clients",1080,2021-05-04 18:00:00.000,-1_amp_aecom_design_building
479,0,"aecom, graduate, india, engineer, apply",256,2021-05-04 18:00:00.000,0_aecom_engineer_united states_company
480,1,"sponsors, award, conference, congratulations, awards",205,2021-05-04 18:00:00.000,1_thanks_sponsors_congratulations_amp
481,2,"el tema, congreso, nuestro camino, la aecom, congreso la",54,2021-05-04 18:00:00.000,2_el_una_es_oferta
482,3,"new position, women, position, position weve, pledge women",71,2021-05-04 18:00:00.000,3_women_womens_women engineering_enginee...
483,4,"acm, acm aecom, aecom reports, aecom, aecom acm",36,2021-05-04 18:00:00.000,4_acm_earnings_acm aecom_aecom acm
484,5,"infrastructure summit, ev infrastructure, ev, bus, ridership provide",29,2021-05-04 18:00:00.000,5_transit_transport_bus_transportation
485,6,"covid19, financial burden, amp njs, ny amp, burden hear",11,2021-05-04 18:00:00.000,6_covid19_pandemic_coronavirus_facility
486,7,"dams, dams foundations, jeff blass, join jeff, monitoring dams",25,2021-05-04 18:00:00.000,7_flood_water webinar_webinar_river
487,8,"carbon, emissions, carbon targets, carbon involved, warming climate",28,2021-05-04 18:00:00.000,8_carbon_emissions_net zero_zero carbon
488,9,"jails, billions, billions dollars, rebny aecom, aecom jails",27,2021-05-04 18:00:00.000,9_jails_billions_billions dollars_new ja...
489,11,"infrastructure, experts engage, discussions infrastructure, infrastructure provide, climate resilient",29,2021-05-04 18:00:00.000,11_infrastructure_economic_impact_social...
490,12,"webinar, guest speakers, joined guest, webinar junewe, register webinar",39,2021-05-04 18:00:00.000,12_webinar_join webinar_upcoming webinar...
491,13,"juga, mengadakan, lagi, tingkat, tingkat nasional",15,2021-05-04 18:00:00.000,13_indonesia_pembangunan_dalam pembangun...
492,14,"pressure, overturn democracy, board pressure, voted overturn, republicans voted",67,2021-05-04 18:00:00.000,14_pressure_overturn democracy_voted ove...
493,15,"big ideas, report outlines, ideas make, launched report, vision future",20,2021-05-04 18:00:00.000,15_cities_housing_planning_homes
494,16,"construction, construction management, work trends, trends views, views construction",7,2021-05-04 18:00:00.000,16_digital_tools_architects_digitalis le...
495,17,"backlash, exaggeration teaaecom, wdw parks, article backlash, million visited",1,2021-05-04 18:00:00.000,17_theme index_teaaecom theme_museum_par...
496,18,"american dream, program morning, new american, resilient economically, jobs program",1,2021-05-04 18:00:00.000,18_dallas_headquarters_relocate_los ange...
497,19,"weeks clear, vaccinated weeks, vaccinated, fully vaccinated, engineering colleague",1,2021-05-04 18:00:00.000,19_hospital_nhs_nhs louisa_worst circums...
498,20,"habitats, protected, habitats regulations, habitats species, wont environmentalists",4,2021-05-04 18:00:00.000,20_habitats_habitats regulations_regulat...
499,21,"wsp, signed recently, taxpayer dollars2, tag taxpayer, probably signed",1,2021-05-04 18:00:00.000,21_wsp_wsp global_firm aecom_merger
500,22,"podcast, episode, lab birchfield, podcast using, fascinating podcast",4,2021-05-04 18:00:00.000,22_podcast_listen episode_zoe humphries_...
501,23,"price target, target, credit suisse, aecom acm, acm price",6,2021-05-04 18:00:00.000,23_aecom acm_price target_acm_acm price
502,24,"tunneling, future tunneling, women shaping, tunneling industry, industry discuss",9,2021-05-04 18:00:00.000,24_tunnel_tunneling_underground_tunnelli...
503,25,"pebble, pebble exaggeration, impossible pebble, exaggeration international, energy revolution",4,2021-05-04 18:00:00.000,25_eis_pebble_clean eis_best business
504,26,"faust john, burritt dan, burritt, dave burritt, operating engineers",10,2021-05-04 18:00:00.000,26_apprenticeship_apprenticeships_appren...
505,27,"proposals active, range proposals, consultation opens, public consultation, consultation",3,2021-05-04 18:00:00.000,27_consultation_consultation tool_public...
506,28,"acm aecom, filing sec, aecom sec, filed acm, sec acm",2,2021-05-04 18:00:00.000,28_form_filing form_sec filing_aecom sec
507,30,"learn hyperloop, vichyper transpod, market amp, hyperloop, transpod",2,2021-05-04 18:00:00.000,30_hyperloop_feasibility study_hyperloop...
508,32,"recent graduates, graduates skilled, skilled tradespeople, careers experienced, fulfilling careers",3,2021-05-04 18:00:00.000,32_recent graduates_graduates skilled_sk...
509,33,"bridge, bridge checks, detroit bridge, goes windsor, checks complete",8,2021-05-04 18:00:00.000,33_bridge_howe_gordie howe_international...
510,35,"concrete, concrete deliver, concrete ground, sun concrete, lot concrete",2,2021-05-04 18:00:00.000,35_building_franklin team_building previ...
511,-1,"amp, aecom, construction, building, infrastructure",967,2021-06-06 09:36:00.000,-1_amp_aecom_design_building
512,0,"aecom, engineer, india, engineering, india india",268,2021-06-06 09:36:00.000,0_aecom_engineer_united states_company
513,1,"amp, latest partners, award, partners congratulations, speakers",169,2021-06-06 09:36:00.000,1_thanks_sponsors_congratulations_amp
514,2,"oferta, una, nuestra, una oferta, recibe gratuitamente",81,2021-06-06 09:36:00.000,2_el_una_es_oferta
515,3,"women engineering, engineering day, international women, engineers showcase, articles women",55,2021-06-06 09:36:00.000,3_women_womens_women engineering_enginee...
516,4,"acm, acm global, company company, consulting company, acm aecom",15,2021-06-06 09:36:00.000,4_acm_earnings_acm aecom_aecom acm
517,5,"time transform, systems june, outmoded transportation, transportation systems, transform americas",47,2021-06-06 09:36:00.000,5_transit_transport_bus_transportation
518,6,"coronavirus, exposed diverse, pandemic exposed, placing social, needs communities",16,2021-06-06 09:36:00.000,6_covid19_pandemic_coronavirus_facility
519,7,"water treatment, lake munson, lake, rfp water, desalination plant",33,2021-06-06 09:36:00.000,7_flood_water webinar_webinar_river
520,8,"carbon, ndp, ndp environment, letting developers, environment critic",24,2021-06-06 09:36:00.000,8_carbon_emissions_net zero_zero carbon
521,9,"jails, new jails, billions dollars, acceptable reward, 87b contract",31,2021-06-06 09:36:00.000,9_jails_billions_billions dollars_new ja...
522,10,"donating, traitors, democratic electionhelp, electionhelp pressure, overturn democratic",1,2021-06-06 09:36:00.000,10_electionhelp_electionhelp pressure_de...
523,11,"infrastructure, clear firms, deal biden, biden outlined, firms reap",9,2021-06-06 09:36:00.000,11_infrastructure_economic_impact_social...
524,12,"webinar, webinar energy, technology prepare, tias upcoming, tias",26,2021-06-06 09:36:00.000,12_webinar_join webinar_upcoming webinar...
525,13,"pieros garcet, onderzoekscommissie, deskundigen, hoorzitting met, met deskundigen",22,2021-06-06 09:36:00.000,13_indonesia_pembangunan_dalam pembangun...
526,14,"pressure, overturn democracy, democracy time, voted overturn, republicans voted",86,2021-06-06 09:36:00.000,14_pressure_overturn democracy_voted ove...
527,15,"housing, housing partnerships, report housing, increased partnerships, partnerships london",20,2021-06-06 09:36:00.000,15_cities_housing_planning_homes
528,16,"cconstruction industry, cconstruction, technologies drive, recognising need, grasp new",3,2021-06-06 09:36:00.000,16_digital_tools_architects_digitalis le...
529,17,"index, theme index, teaaecom theme, index arrive, announcement teaaecom",8,2021-06-06 09:36:00.000,17_theme index_teaaecom theme_museum_par...
530,19,"hospital, aye eye, place eye, light oriel, eye camden",8,2021-06-06 09:36:00.000,19_hospital_nhs_nhs louisa_worst circums...
531,20,"invasive species, species, invasive, environmental assessment, recent environmental",9,2021-06-06 09:36:00.000,20_habitats_habitats regulations_regulat...
532,21,"alliance chinese, printer, forms alliance, chinese printer, printer winsun",1,2021-06-06 09:36:00.000,21_wsp_wsp global_firm aecom_merger
533,24,"tunneling, mcmillen, jacobs sponsoring, mcmillen jacobs, challenges tunnelling",2,2021-06-06 09:36:00.000,24_tunnel_tunneling_underground_tunnelli...
534,25,"borden paid, mining experts, political microscope, listen harm, borden",6,2021-06-06 09:36:00.000,25_eis_pebble_clean eis_best business
535,26,"grabbed opportunity, job aparna, aparna jamgadelearn, enter dream, opportunity enter",4,2021-06-06 09:36:00.000,26_apprenticeship_apprenticeships_appren...
536,27,"journalists, fallen journalists, journalists memorial, goldberger, paul goldberger",19,2021-06-06 09:36:00.000,27_consultation_consultation tool_public...
537,28,"society responsibility, urgency challenges, facing society, understand urgency, urgency",22,2021-06-06 09:36:00.000,28_form_filing form_sec filing_aecom sec
538,30,"aecom dinclix, innovations trends, 2028 aecom, latest innovations, dinclix ground",2,2021-06-06 09:36:00.000,30_hyperloop_feasibility study_hyperloop...
539,35,"fantastic familiar, familiar skyline, skyline thanks, office fantastic, skyline",7,2021-06-06 09:36:00.000,35_building_franklin team_building previ...
540,-1,"amp, aecom, programacin bim, en, design",973,2021-07-09 01:12:00.000,-1_amp_aecom_design_building
541,0,"aecom, engineer, graduate, india, exp aecom",219,2021-07-09 01:12:00.000,0_aecom_engineer_united states_company
542,1,"congratulations, join, conference, matt mccann, matt",163,2021-07-09 01:12:00.000,1_thanks_sponsors_congratulations_amp
543,2,"frank fortune, tcnico, ambiente, climtico, cambio climtico",58,2021-07-09 01:12:00.000,2_el_una_es_oferta
544,3,"new position, closing week, position associa, associa, aecoms melissa",30,2021-07-09 01:12:00.000,3_women_womens_women engineering_enginee...
545,4,"acm, acm aecom, fiscal earnings, earnings results, aecom announces",52,2021-07-09 01:12:00.000,4_acm_earnings_acm aecom_aecom acm
546,5,"transit, transportation society, intelligent transportation, transportation, impacting road",31,2021-07-09 01:12:00.000,5_transit_transport_bus_transportation
547,6,"counsel data, detention centre, technology whitney, covid future, springs detention",3,2021-07-09 01:12:00.000,6_covid19_pandemic_coronavirus_facility
548,7,"global dialog, global, flooding, facilitating solutions, water resilience",24,2021-07-09 01:12:00.000,7_flood_water webinar_webinar_river
549,8,"companies signing, joined companies, emissions weve, goal carbon, weve joined",14,2021-07-09 01:12:00.000,8_carbon_emissions_net zero_zero carbon
550,9,"jails, new jails, scam, like rebny, connected scam",5,2021-07-09 01:12:00.000,9_jails_billions_billions dollars_new ja...
551,11,"infrastructure, communities facing, 2023 graph, 2023, pledge initiative",4,2021-07-09 01:12:00.000,11_infrastructure_economic_impact_social...
552,12,"webinar industry, shareholders hosting, partners shareholders, founding partners, hosting webinar",2,2021-07-09 01:12:00.000,12_webinar_join webinar_upcoming webinar...
553,13,"lomba, downtown doha, doha, doha masterplan, allies morrison",35,2021-07-09 01:12:00.000,13_indonesia_pembangunan_dalam pembangun...
554,14,"pressure, overturn democracy, democracy time, voted overturn, republicans voted",64,2021-07-09 01:12:00.000,14_pressure_overturn democracy_voted ove...
555,15,"moveon house, house home, journey homelessness, residents journey, moveon",9,2021-07-09 01:12:00.000,15_cities_housing_planning_homes
556,16,"amp agility, agility, digital transformation, agility pillars, change digital",3,2021-07-09 01:12:00.000,16_digital_tools_architects_digitalis le...
557,17,"release attendance, report estimates, disneyland disney, estimates disneyland, attendance report",2,2021-07-09 01:12:00.000,17_theme index_teaaecom theme_museum_par...
558,18,"business awards, rastogi honoree, awards dev, congrats executive, honoree women",4,2021-07-09 01:12:00.000,18_dallas_headquarters_relocate_los ange...
559,19,"intensive therapy, embling hospitalfind, appointed help, medical intensive, therapy unity",2,2021-07-09 01:12:00.000,19_hospital_nhs_nhs louisa_worst circums...
560,20,"future trees, hope given, say future, trees environmentally, environmentally",4,2021-07-09 01:12:00.000,20_habitats_habitats regulations_regulat...
561,21,"wsp, aecom hes, exdl, exdl partner, insights exdl",2,2021-07-09 01:12:00.000,21_wsp_wsp global_firm aecom_merger
562,22,"crackeralthough, absolute crackeralthough, crackeralthough confess, evenings episode, episode",3,2021-07-09 01:12:00.000,22_podcast_listen episode_zoe humphries_...
563,24,"tunnel, tunnels united, motivated tunnel, engineering leader, employment aecoms",1,2021-07-09 01:12:00.000,24_tunnel_tunneling_underground_tunnelli...
564,25,"eis, clean eis, alaska, best business, deposits",18,2021-07-09 01:12:00.000,25_eis_pebble_clean eis_best business
565,26,"secretarytreasurer adam, way engineer, hear secretarytreasurer, secretarytreasurer, apprenticeship",3,2021-07-09 01:12:00.000,26_apprenticeship_apprenticeships_appren...
566,28,"filing pressnews, report sec, sec acm, current report, acm aecom",1,2021-07-09 01:12:00.000,28_form_filing form_sec filing_aecom sec
567,30,"hyperloop, transpod released, competing hyperloop, line competing, new hyperloop",1,2021-07-09 01:12:00.000,30_hyperloop_feasibility study_hyperloop...
568,33,"quite contrast, bimode train, new bimode, opened queen, contrast bridge",1,2021-07-09 01:12:00.000,33_bridge_howe_gordie howe_international...
569,35,"floor great, hale architecture, tenant ground, tour bricket, architecture confirmed",2,2021-07-09 01:12:00.000,35_building_franklin team_building previ...
570,-1,"headquarters, dallas, dallas los, fortune hq, hq texas",1002,2021-08-10 16:48:00.000,-1_amp_aecom_design_building
571,0,"aecom, engineer, graduate, india, united states",253,2021-08-10 16:48:00.000,0_aecom_engineer_united states_company
572,1,"sponsors, award, conference, highly commended, commended",143,2021-08-10 16:48:00.000,1_thanks_sponsors_congratulations_amp
573,2,"los, ms, en el, laborales ms, demandados por",66,2021-08-10 16:48:00.000,2_el_una_es_oferta
574,3,"week celebrate, keeping going, going week, congratulations keeping, celebrate congratulations",42,2021-08-10 16:48:00.000,3_women_womens_women engineering_enginee...
575,4,"earnings, aecom acm, fy earnings, earnings guidance, analysis aecom",11,2021-08-10 16:48:00.000,4_acm_earnings_acm aecom_aecom acm
576,5,"transport, manchester agrees, transport greater, transit, pathways camp",35,2021-08-10 16:48:00.000,5_transit_transport_bus_transportation
577,6,"quarantine, covid, covid19, awareness psa, quarantine camp",18,2021-08-10 16:48:00.000,6_covid19_pandemic_coronavirus_facility
578,7,"municipalities utilities, utilities decide, renew pipes, flood, municipalities",29,2021-08-10 16:48:00.000,7_flood_water webinar_webinar_river
579,8,"carbon, carbon emissions, emissions, reduce carbon, alongside st",13,2021-08-10 16:48:00.000,8_carbon_emissions_net zero_zero carbon
580,9,"feds, jails, gov, billions dollars, new jails",8,2021-08-10 16:48:00.000,9_jails_billions_billions dollars_new ja...
581,10,"democrat, democrat way, thats democrat, democratic electionhelp, electionhelp pressure",1,2021-08-10 16:48:00.000,10_electionhelp_electionhelp pressure_de...
582,11,"infrastructure, planting going, brought credit, credit cards, tree planting",12,2021-08-10 16:48:00.000,11_infrastructure_economic_impact_social...
583,12,"webinar, webinar tomorrow, join webinar, future encompassing, london future",7,2021-08-10 16:48:00.000,12_webinar_join webinar_upcoming webinar...
584,13,"het, niet, ng, zijn, indonesia",36,2021-08-10 16:48:00.000,13_indonesia_pembangunan_dalam pembangun...
585,14,"pressure, overturn democracy, democracy time, voted overturn, republicans voted",21,2021-08-10 16:48:00.000,14_pressure_overturn democracy_voted ove...
586,15,"bridge gap, nations bridge, casino new, wales historic, gap residents",8,2021-08-10 16:48:00.000,15_cities_housing_planning_homes
587,16,"digital, techniques adopted, scale include, track communicate, data scale",8,2021-08-10 16:48:00.000,16_digital_tools_architects_digitalis le...
588,17,"attendance, attendance usf, source attendance, higher attendance, wdw gt2019",4,2021-08-10 16:48:00.000,17_theme index_teaaecom theme_museum_par...
589,18,"dallas, headquarters, relocate, headquarters dallas, global headquarters",134,2021-08-10 16:48:00.000,18_dallas_headquarters_relocate_los ange...
590,19,"liverpool opened, newsour hospital, wellbeing category, hospital liverpool, shortlisted health",12,2021-08-10 16:48:00.000,19_hospital_nhs_nhs louisa_worst circums...
591,20,"collaboration finds, control strategy, research collaboration, control, strategy infestations",3,2021-08-10 16:48:00.000,20_habitats_habitats regulations_regulat...
592,21,"wsp, baird stick, stick buy, robert baird, baird",3,2021-08-10 16:48:00.000,21_wsp_wsp global_firm aecom_merger
593,22,"watching repeat, age watching, insights growth, growth harnessing, harnessing age",3,2021-08-10 16:48:00.000,22_podcast_listen episode_zoe humphries_...
594,23,"fotooooooo, tema nuture, nuture future, natureslink pendaftaran, pendaftaran di",6,2021-08-10 16:48:00.000,23_aecom acm_price target_acm_acm price
595,24,"timmy tunneller, tunneller, named p7, tunneller named, p7 student",12,2021-08-10 16:48:00.000,24_tunnel_tunneling_underground_tunnelli...
596,25,"eis, pebble, clean eis, tailings, pebble clean",32,2021-08-10 16:48:00.000,25_eis_pebble_clean eis_best business
597,26,"retired rear, milita, american milita, rear admiral, admiral recently",5,2021-08-10 16:48:00.000,26_apprenticeship_apprenticeships_appren...
598,27,"family lost, lives 112001, brave service, workers perished, perished",8,2021-08-10 16:48:00.000,27_consultation_consultation tool_public...
599,28,"pendant lighting, pendant, lighting chennai, circular pendant, airport modernisation",19,2021-08-10 16:48:00.000,28_form_filing form_sec filing_aecom sec
600,29,"staff coowns, treasury sec, firm run, obamas treasury, lew obamas",70,2021-08-10 16:48:00.000,29_lindsay goldberg_lew obamas_treasury ...
601,30,"hyperloop, mountain hyperloop, hyperloop studies, hyperloop detailed, sink",2,2021-08-10 16:48:00.000,30_hyperloop_feasibility study_hyperloop...
602,35,"planting quality, project crown, completion lovely, lovely planting, crown place",5,2021-08-10 16:48:00.000,35_building_franklin team_building previ...
603,-1,"amp, aecom, railway, building, hydrogenpowered railway",1052,2021-09-12 08:24:00.000,-1_amp_aecom_design_building
604,0,"aecom, nasa, engineering, engineering services, architecture engineering",264,2021-09-12 08:24:00.000,0_aecom_engineer_united states_company
605,1,"sponsors, amp, conference, awards, award",299,2021-09-12 08:24:00.000,1_thanks_sponsors_congratulations_amp
606,2,"coordinadora, democracia, democracia participa, coordinadora proyectos, la democracia",72,2021-09-12 08:24:00.000,2_el_una_es_oferta
607,3,"women, ohio alumnus, alumnus new, alumnus, ohio",43,2021-09-12 08:24:00.000,3_women_womens_women engineering_enginee...
608,4,"acm, acm aecom, aecom acm, authorization 1b, aecom boosts",29,2021-09-12 08:24:00.000,4_acm_earnings_acm aecom_aecom acm
609,5,"transportation, transportation outcomes, americas transportation, reimagining, transit",44,2021-09-12 08:24:00.000,5_transit_transport_bus_transportation
610,6,"pet insurance, evacuated towers, evacuated, surcharge pets, pets arent",4,2021-09-12 08:24:00.000,6_covid19_pandemic_coronavirus_facility
611,7,"water, uncovering water, webinar discussion, water infrastructure, webinar",47,2021-09-12 08:24:00.000,7_flood_water webinar_webinar_river
612,8,"carbon, emissions, carbon emissions, buildings, industry supporting",21,2021-09-12 08:24:00.000,8_carbon_emissions_net zero_zero carbon
613,9,"jails, aecom billions, new jails, jails rolls, affiliated aecom",21,2021-09-12 08:24:00.000,9_jails_billions_billions dollars_new ja...
614,11,"bernard diane, cowin amp, presenting infrastructures, diane cowin, amp wendy",8,2021-09-12 08:24:00.000,11_infrastructure_economic_impact_social...
615,12,"webinar, nadia, nadia todorova, todorova, thomas nadia",7,2021-09-12 08:24:00.000,12_webinar_join webinar_upcoming webinar...
616,13,"ederizplatin, sponsorlarmza, teekkr ederizplatin, sponsorlarmza teekkr, unutulmaz gecede",20,2021-09-12 08:24:00.000,13_indonesia_pembangunan_dalam pembangun...
617,14,"pressure, overturn democracy, voted overturn, pressure pushed, grassroots pressure",2,2021-09-12 08:24:00.000,14_pressure_overturn democracy_voted ove...
618,15,"proud research, beis visions, visions report, ahead report, research team",15,2021-09-12 08:24:00.000,15_cities_housing_planning_homes
619,17,"index, theme index, museum, teaaecom theme, museum index",35,2021-09-12 08:24:00.000,17_theme index_teaaecom theme_museum_par...
620,18,"dallas, headquarters, relocate texas, texas punish, workers relocate",16,2021-09-12 08:24:00.000,18_dallas_headquarters_relocate_los ange...
621,19,"team saturday, churchill hospital, mri team, saturday churchill, hospital",4,2021-09-12 08:24:00.000,19_hospital_nhs_nhs louisa_worst circums...
622,20,"surveys, surveys amp, carrying surveys, craig senior, bats",4,2021-09-12 08:24:00.000,20_habitats_habitats regulations_regulat...
623,22,"podcast, innovation, innovators inside, alchemist innovators, podcast alchemist",10,2021-09-12 08:24:00.000,22_podcast_listen episode_zoe humphries_...
624,24,"tunnel, tunneling, australias longest, road tunnel, tunnelling",10,2021-09-12 08:24:00.000,24_tunnel_tunneling_underground_tunnelli...
625,25,"clean feis, feis, best business, feis best, vote science",22,2021-09-12 08:24:00.000,25_eis_pebble_clean eis_best business
626,26,"inaugural cohort, cohort amp, variety employers, new students, cohort",4,2021-09-12 08:24:00.000,26_apprenticeship_apprenticeships_appren...
627,28,"apennine, serve trains, railway upgraded, apennine railway, weekitalys apennine",20,2021-09-12 08:24:00.000,28_form_filing form_sec filing_aecom sec
628,29,"firm run, goldberg private, lew obamas, obamas treasury, treasury sec",1,2021-09-12 08:24:00.000,29_lindsay goldberg_lew obamas_treasury ...
629,33,"bridge, bridge marked, million redevelopment, new canal, canal bridge",7,2021-09-12 08:24:00.000,33_bridge_howe_gordie howe_international...
630,34,"warn pm, firms warn, mace aecom, aecom firms, termination decide",1,2021-09-12 08:24:00.000,34_steps termination_ibm steps_terminati...
631,35,"built premier, university building, building built, building, timber accelerator",5,2021-09-12 08:24:00.000,35_building_franklin team_building previ...
